Name of elements;Size (bp);ORF 1 RRM início;ORF 1 RRM  fim;ORF 1 DUF início;ORF 1 DUF fim;ORF 1 Zf-CCHC início;ORF 1 Zf-CCHC fim;ORF 1 PHA(?) início;ORF 1 PHA(?)  fim;ORF 2 EEP início;ORF 2 EEP  fim;ORF 2 RT início;ORF 2 RT fim;ORF 2 Zf-RVT início;ORF 2 Zf-RVT  fim;ORF 2 RH início;ORF 2 RH fim;(GTT)n início;(GTT)n fim;Poli-A início;Poli-A fim
Monocot_Zea_mays_RTE_1;4316;;;;;;;;;88;795;1699;2376;;;;;3148;3164;4306;4316
Monocot_Zea_mays_L1_2;5504;;;101;394;;;;;2105;2782;3586;4380;5160;5405;;;;;5489;5504
Monocot_Zea_mays_L1_3;5992;;;77;304;;;;;2299;2985;3772;4563;5293;5544;;;;;5976;5992
Monocot_Zea_mays_I_4;5356;;;79;384;388;531;;;1194;1595;2661;3470;4236;4538;4848;5216;;;5347;5356
Monocot_Zea_mays_RTE_6;4460;;;;;;;;;89;805;1631;2380;;;;;3152;3172;4450;4460
Monocot_Zea_mays_RTE_7;3800;;;;;;;;;89;805;1631;2380;;;;;3152;3172;3784;3800
Monocot_Zea_mays_RTE_8;3816;;;;;;;;;89;805;1631;2380;;;;;3148;3160;3807;3816
Monocot_Zea_mays_RTE_9;3524;;;;;;;;;97;810;1631;2380;;;;;3148;3184;3513;3524
Monocot_Zea_mays_RTE_10;3220;;;;;;;;;89;805;1631;2380;;;;;3148;3168;3208;3220
Monocot_Zea_mays_I_11;6180;;;130;531;535;681;;;1542;2231;3021;3830;4596;4889;5682;6038;;;6168;6180
Monocot_Zea_mays_I_12;5420;;;116;448;;;;;1257;1658;2721;3530;4296;4598;4908;5276;;;5409;5420
Monocot_Zea_mays_L1_13;5744;;;125;565;;;;;2019;2699;3495;4283;5013;5264;;;;;5730;5744
Monocot_Zea_mays_L1_14;5840;;;110;493;;;;;1836;2513;3318;4112;4893;5138;;;;;5827;5840
Monocot_Phoenix_dactylifera_I_1;6020;;;85;468;472;621;;;1854;2531;3318;4124;4956;5144;5493;5852;;;5993;6020
Monocot_Phoenix_dactylifera_I_2;6340;;;104;544;;;;;2187;2858;3658;4464;5257;5478;5829;6110;;;6323;6340
Monocot_Phoenix_dactylifera_I_3;6108;;;86;523;596;679;;;1945;2625;3418;4224;5017;5181;5588;5947;;;6084;6108
Monocot_Phoenix_dactylifera_I_4;6124;;;97;513;;;320;1777;1968;2510;3438;4244;5019;5264;5616;5981;;;6109;6124
Monocot_Phoenix_dactylifera_I_5;6292;;;67;501;505;642;1071;1781;2136;2825;3618;4424;5220;5444;5793;6155;;;6275;6292
Monocot_Phoenix_dactylifera_I_6;6180;;;128;565;569;712;;;1996;2685;3481;4284;5125;5310;5656;6018;;;6154;6180
Monocot_Phoenix_dactylifera_I_7;6192;;;111;410;;;;;2015;2701;3498;4304;5097;5318;5670;6011;;;6167;6192
Monocot_Phoenix_dactylifera_I_8;6244;;;109;546;;;;;2088;2765;3559;4266;5190;5381;5730;6089;;;6228;6244
Monocot_Phoenix_dactylifera_I_9;6452;;;122;562;;;773;2187;2233;2922;3718;4524;5317;5538;5890;6249;;;6387;6452
Monocot_Phoenix_dactylifera_I_10;6128;;;136;570;574;717;907;1689;1956;2642;3441;4244;5040;5267;5612;5974;;;6109;6128
Monocot_Sorghum_bicolor_I_1;5360;;;123;500;;;516;644;1214;1888;2681;3484;4256;4555;4880;5239;;;5343;5360
Monocot_Allium_sativum_L1_1;5472;;;90;503;;;;;1708;2121;3193;3990;4765;5004;;;;;5461;5472
Monocot_Allium_sativum_L1_2;5404;;;74;505;;;;;1645;2337;3136;3930;4705;4950;;;;;5394;5404
Monocot_Allium_sativum_L1_3;5516;;;93;500;;;;;1772;2185;3256;4050;4869;5081;;;;;5504;5516
Monocot_Allium_sativum_L1_4;5504;;;74;505;;;;;1800;2453;3249;4043;4818;5075;;;;;5484;5504
Monocot_Allium_sativum_L1_5;5584;;;112;537;;;;;1700;2386;3193;3990;4986;5120;;;;;5574;5584
Monocot_Allium_sativum_L1_6;5472;;;89;502;;;;;1705;2397;3193;3990;4765;5004;;;;;5461;5472
Monocot_Allium_sativum_L1_7;5848;;;72;497;;;;;1635;2318;3126;3923;4685;4915;;;;;5836;5848
Monocot_Allium_sativum_L1_8;5696;;;117;548;;;;;1707;2114;3186;3983;4758;5015;;;;;5686;5696
Monocot_Allium_sativum_L1_9;5644;;;82;513;;;;;1881;2573;3369;4163;4989;5195;;;;;5615;5644
Monocot_Allium_sativum_L1_10;5504;;;78;509;;;;;1764;2453;3249;4043;4818;5075;;;;;5491;5504
Monocot_Allium_sativum_RTE_11;4256;;;;;;;;;99;815;1635;2384;;;;;3184;3196;4245;4256
Monocot_Aechmea_fasciata_I_1;6000;;;88;522;526;666;;;1799;2482;3258;4061;4837;5085;5398;5748;;;5965;6000
Monocot_Aechmea_fasciata_L1_2;5484;;;83;352;;;;;1786;2472;3268;4050;4846;5088;;;;;5471;5484
Monocot_Aechmea_fasciata_L1_3;5772;;;81;311;;;;;1912;2598;3394;4020;4990;5241;;;;;5760;5772
Monocot_Aechmea_fasciata_I_4;5856;;;87;521;;;;;1709;2395;3193;3990;4764;5006;5323;5682;;;5840;5856
Monocot_Aechmea_fasciata_L1_5;5708;;;126;296;;;522;1670;1951;2637;3430;4221;5023;5274;;;;;5699;5708
Monocot_Aechmea_fasciata_L1_6;6008;;;113;391;;;521;1871;2271;2882;3733;4524;5311;5562;;;;;5999;6008
Monocot_Aechmea_fasciata_L1_7;7444;;;88;498;;;;;2191;2877;3670;4461;5261;5512;;;;;7420;7444
Monocot_Aechmea_fasciata_L1_8;5300;;;91;354;;;;;1541;1921;3010;3732;4586;4837;;;;;5287;5300
Monocot_Aechmea_fasciata_L1_9;5940;;;81;194;;;;;1962;2648;3435;4226;5028;5279;;;;;5928;5940
Monocot_Aechmea_fasciata_L1_10;6196;;;73;309;;;;;2442;2759;3910;4701;5505;5756;;;;;6184;6196
Monocot_Aegilops_umbellulata_I_1;5680;;;104;502;607;708;;;1483;2163;2953;3762;4531;4824;5140;5508;;;5664;5680
Monocot_Aegilops_umbellulata_I_2;5264;;;84;464;;;;;1115;1774;2557;3360;4134;4427;4759;5121;;;5251;5264
Monocot_Aegilops_umbellulata_I_3;5096;;;107;271;;;;;993;1412;2475;3275;4040;4312;4665;4991;;;5088;5096
Monocot_Aegilops_umbellulata_I_4;5652;;;121;516;652;744;;;1468;2157;2941;3747;4643;4813;5121;5486;;;5640;5652
Monocot_Aegilops_umbellulata_I_5;5788;;;110;463;626;712;;;1414;2100;2898;3698;4467;4778;5076;5441;;;5770;5788
Monocot_Aegilops_umbellulata_I_6;5296;;;80;349;440;586;;;1021;1713;2503;3303;4075;4368;4672;5037;;;5287;5296
Monocot_Aegilops_umbellulata_I_7;5308;;;74;490;488;634;;;1174;1866;2649;3455;4224;4502;4809;5171;;;5297;5308
Monocot_Aegilops_umbellulata_L1_8;5800;;;130;552;;;;;1554;2210;3235;4023;4807;5055;;;;;5791;5800
Monocot_Aegilops_umbellulata_L1_9;6288;;;84;332;;;;;1768;2454;3256;4050;4831;5067;;;;;6277;6288
Monocot_Aegilops_umbellulata_L1_10;5508;;;94;399;;;;;1459;1881;2949;3749;4527;4766;;;;;5494;5508
Monocot_Aegilops_umbellulata_I_11;5760;;;125;499;569;652;;;1432;1842;2994;3677;4443;4733;5262;5627;;;5751;5760
Monocot_Acorus_gramineus_I_1;5792;;;87;497;;;;;1437;2114;2898;3683;4472;4729;5105;5455;;;5760;5792
Monocot_Acorus_gramineus_I_2;5908;;;110;520;;;;;1632;2297;3078;3863;4641;4883;5259;5612;;;5899;5908
Monocot_Acorus_gramineus_I_3;5856;;;117;539;;;;;1432;2100;2901;3692;4476;4718;5097;5447;;;5839;5856
Monocot_Acorus_gramineus_I_4;5872;;;89;499;;;;;1621;2295;3076;3861;4599;4841;5217;5570;;;5863;5872
Monocot_Acorus_gramineus_I_5;5720;;;106;534;;;;;1399;2073;2887;3597;4440;4688;5067;5402;;;5701;5720
Monocot_Acorus_gramineus_I_6;5844;;;100;534;;;;;1483;2151;2950;3741;4518;4757;5145;5495;;;5833;5844
Monocot_Acorus_gramineus_I_7;5764;;;102;536;;;;;1555;2220;3018;3668;4467;4697;5073;5381;;;5735;5764
Monocot_Acorus_gramineus_L1_8;5408;;;109;462;;;;;1554;2231;3030;3812;4634;4894;;;;;5397;5408
Monocot_Acorus_gramineus_I_9;5648;;;83;493;;;;;1317;1988;2778;3560;4344;4577;4959;5219;;;5633;5648
Monocot_Acorus_gramineus_I_10;5824;;;77;511;;;;;1435;1845;2899;3690;4476;4724;5103;5456;;;5807;5824
Monocot_Acorus_gramineus_L1_11;5440;;;118;456;;;;;1607;2023;3076;3861;4666;4929;;;;;5424;5440
Monocot_Acorus_gramineus_L1_12;6580;;;107;505;;;;;2713;3396;4204;4887;5799;6059;;;;;6561;6580
Monocot_Oryza_sativa_I_1;8268;;;87;257;261;410;;;1242;1583;2612;3421;7143;7445;7760;8125;;;8258;8268
Monocot_Oryza_sativa_I_2;5668;;;71;466;554;625;;;1776;2147;2935;3741;4513;4806;5176;5544;;;5658;5668
Monocot_Oryza_sativa_I_3;5612;;;113;523;611;682;;;1429;2112;2892;3698;4467;4751;5124;5489;;;5602;5612
Monocot_Oryza_sativa_L1_4;5704;;;115;480;;;;;1889;2575;3374;4117;4950;5195;;;;;5693;5704
Monocot_Oryza_sativa_I_5;5668;;;71;466;554;625;;;1776;2147;2935;3741;4513;4806;5176;5544;;;5658;5668
Monocot_Oryza_sativa_L1_6;4672;;;110;340;;;;;1021;1614;2500;3261;3991;4242;;;;;4660;4672
Monocot_Oryza_sativa_I_7;8288;;;107;277;281;430;;;1262;1603;2632;3441;7163;7465;7780;8145;;;8278;8288
Eudicot_Helianthus_annuus_L1_1;5504;103;318;;;;;;;1800;2480;3273;4067;4941;5126;;;;;5491;5504
Eudicot_Helianthus_annuus_L1_2;5508;;;114;560;;;;;1486;2187;2970;3770;4548;4814;;;;;5494;5508
Eudicot_Helianthus_annuus_L1_3;5548;79;291;511;855;;;;;1782;2471;3261;4055;4710;4895;;;;;5522;5548
Eudicot_Helianthus_annuus_L1_4;5804;85;276;;;;;;;2043;2726;3516;4310;5118;5357;;;;;5795;5804
Eudicot_Helianthus_annuus_L1_5;6244;107;319;;;;;;;2471;3148;3936;4730;5548;5805;;;;;6228;6244
Eudicot_Helianthus_annuus_L1_6;5704;92;304;;;;;;;1903;2586;3376;4170;4990;5247;;;;;5690;5704
Eudicot_Helianthus_annuus_L1_7;5864;130;342;;;;;;;2082;2771;3561;4355;5175;5429;;;;;5839;5864
Eudicot_Helianthus_annuus_L1_8;5672;108;320;;;;;;;1919;2335;3385;4179;4999;5253;;;;;5658;5672
Eudicot_Helianthus_annuus_L1_9;5488;123;335;558;938;;;;;1759;2445;3232;4014;4834;5088;;;;;5457;5488
Eudicot_Helianthus_annuus_L1_10;5348;104;316;;;;;;;1807;2490;3280;4074;4654;4914;;;;;5327;5348
Eudicot_Helianthus_annuus_L1_11;5004;;;89;520;;;;;1134;1826;2610;3410;4188;4454;;;;;4989;5004
Eudicot_Acer_campestre_I_1;7200;;;70;501;505;630;;;1558;2232;3018;3824;4605;4859;5181;5543;;;7177;7200
Eudicot_Acer_campestre_I_2;6972;;;79;489;493;618;;;1537;2217;2995;3801;4582;4836;5158;5520;;;6954;6972
Eudicot_Acer_campestre_I_3;7206;;;100;510;514;639;;;1560;2240;3018;3824;4605;4859;5181;5543;;;7195;7206
Eudicot_Acer_campestre_I_4;5700;;;119;529;533;658;;;1546;1947;2998;3801;4582;4818;5161;5523;;;5685;5700
Eudicot_Acer_campestre_I_5;6208;;;125;556;560;691;;;1680;2360;3141;3944;4725;4979;5301;5663;;;6187;6208
Eudicot_Acer_campestre_I_6;5768;;;124;534;538;663;;;1537;2211;2998;3801;4582;4827;5158;5520;;;5754;5768
Eudicot_Acer_campestre_I_7;5664;;;77;487;491;616;;;1509;2174;2961;3764;4542;4796;5121;5483;;;5648;5664
Eudicot_Acer_campestre_I_8;5740;;;102;512;516;641;;;1560;2240;3018;3824;4605;4859;5181;5543;;;5725;5740
Eudicot_Acer_campestre_I_9;5744;;;97;534;;;;;1522;2208;3013;3804;4573;4806;5264;5542;;;5728;5744
Eudicot_Acer_campestre_I_10;5960;;;82;501;;;;;1586;2275;3075;3875;4632;4880;5310;5624;;;5923;5960
Eudicot_Solanum_lycopersicum_L1_1;4524;;;124;534;;;;;1065;1730;2541;3338;3855;4100;;;;;4507;4524
Eudicot_Solanum_lycopersicum_I_2;7008;;;107;247;;;;;1794;2459;3255;4040;4809;5060;5486;5788;;;6992;7008
Eudicot_Solanum_lycopersicum_I_3;6036;;;75;503;;;;;1673;2335;3121;3921;4676;4929;5302;5661;;;6026;6036
Eudicot_Solanum_lycopersicum_L1_4;4520;;;124;534;;;;;1065;1730;2541;3338;3855;4100;;;;;4495;4520
Eudicot_Acacia_confusa_I_1;5940;;;128;529;539;664;;;1795;2334;3235;4041;4819;5076;5416;5775;;;5927;5940
Eudicot_Acacia_confusa_I_2;5636;;;127;561;;;;;1444;2124;2904;3701;4482;4730;5042;5398;;;5618;5636
Eudicot_Acacia_confusa_I_3;5864;;;106;519;604;654;;;1592;2218;2998;3801;4261;4515;4967;5215;;;5831;5864
Eudicot_Acacia_confusa_I_4;5516;;;91;420;;;;;1371;2066;2844;3647;4422;4676;5004;5360;;;5499;5516
Eudicot_Acacia_confusa_I_5;5332;;;89;502;;;;;1451;2116;2907;3698;4255;4509;4848;5183;;;5319;5332
Eudicot_Acacia_confusa_I_6;5380;;;107;520;;;;;1489;2154;2944;3741;4297;4551;4888;5250;;;5368;5380
Eudicot_Acacia_confusa_I_7;5616;;;100;531;;;;;1477;2163;2935;3741;4516;4770;5110;5466;;;5601;5616
Eudicot_Acacia_confusa_I_8;5568;;;121;531;;;;;1431;2111;2884;3690;4471;4722;5035;5397;;;5548;5568
Eudicot_Acacia_confusa_I_9;5536;;;91;501;;;;;1414;2085;2875;3681;4453;4701;5032;5391;;;5526;5536
Eudicot_Acacia_confusa_I_10;6000;;;130;597;;;;;1816;2229;3261;4067;4842;5099;5438;5794;;;5986;6000
Eudicot_Acacia_confusa_L1_11;5096;;;98;532;536;664;;;1440;2114;2898;3704;4477;4734;;;;;5085;5096
Eudicot_Daucus_carota_I_1;5292;;;90;524;528;671;;;1190;1600;2635;3441;4219;4485;4804;5169;;;5275;5292
Eudicot_Daucus_carota_I_2;5528;;;92;529;596;679;;;1225;1653;2710;3411;4197;4460;4774;5136;;;5518;5528
Eudicot_Daucus_carota_I_3;5500;;;109;546;625;696;;;1245;1655;2841;3647;4424;4693;5012;5377;;;5484;5500
Eudicot_Daucus_carota_I_4;5416;;;110;547;627;695;;;1250;1669;2712;3500;4280;4549;4871;5233;;;5407;5416
Eudicot_Daucus_carota_I_5;5320;;;106;543;547;687;;;1215;1625;2661;3467;4245;4508;4833;5198;;;5305;5320
Eudicot_Daucus_carota_I_6;5316;;;76;513;517;663;;;1215;1625;2661;3467;4244;4513;4832;5197;;;5307;5316
Eudicot_Daucus_carota_I_7;5232;;;101;511;515;661;;;1136;1816;2579;3386;4161;4424;4746;5111;;;5222;5232
Eudicot_Daucus_carota_I_8;5300;;;90;500;504;644;;;1190;1873;2638;3441;4213;4483;4796;5164;;;5280;5300
Eudicot_Daucus_carota_I_9;5244;;;121;522;526;666;;;1152;1562;2598;3407;4179;4436;4749;5108;;;5221;5244
Eudicot_Daucus_carota_I_10;5728;;;86;511;533;652;;;1579;2253;3055;3861;4630;4902;5215;5580;;;5709;5728
Eudicot_Daucus_carota_I_11;6464;;;;;117;257;;;788;1183;3801;4607;5392;5655;5980;6342;;;6453;6464
Eudicot_Cannabis_sativa_I_1;5288;;;107;514;521;664;;;1186;1866;2635;3444;4219;4488;4795;5160;;;5266;5288
Eudicot_Cannabis_sativa_I_2;5312;;;122;529;536;682;;;1186;1866;2635;3444;4219;4488;4800;5165;;;5274;5312
Eudicot_Cannabis_sativa_I_3;5364;;;88;498;517;648;;;1275;1955;2718;3527;4299;4568;4884;5228;;;5340;5364
Eudicot_Cannabis_sativa_L1_4;5940;;;89;340;;;;;1954;2637;3427;4221;5038;5292;;;;;5925;5940
Eudicot_Cannabis_sativa_L1_5;5772;;;115;309;;;;;1968;2648;3441;4235;5052;5306;;;;;5752;5772
Eudicot_Cannabis_sativa_I_6;6672;;;98;439;476;628;;;1315;1983;2818;3621;5599;5871;6193;6552;;;6659;6672
Eudicot_Cannabis_sativa_I_7;5664;;;98;505;512;658;;;1186;1851;2635;3444;4219;4488;4804;5169;;;5651;5664
Eudicot_Cannabis_sativa_I_8;5972;;;115;513;553;687;;;1863;2543;3318;4115;4914;5168;5481;5831;;;5948;5972
Eudicot_Cannabis_sativa_I_9;5580;;;80;493;497;667;;;1444;2130;2935;3741;4501;4779;5098;5463;;;5561;5580
Eudicot_Cannabis_sativa_I_10;5644;;;134;526;530;661;;;1504;2190;2998;3801;4552;4833;5152;5514;;;5602;5644
Eudicot_Cannabis_sativa_I_11;5312;;;93;503;557;655;;;1219;1890;2668;3375;4235;4507;4823;5188;;;5299;5312
Eudicot_Arabidopsis_thaliana_I_1;5256;;;128;433;;;437;577;1127;1531;2575;3381;4156;4431;4780;5145;;;5246;5256
Eudicot_Arabidopsis_thaliana_I_2;5708;;;90;500;;;;;1130;1555;2601;3404;4583;4864;5222;5605;;;5687;5708
Eudicot_Arabidopsis_thaliana_L1_3;5792;;;121;543;547;693;;;1506;1937;3015;3764;4538;4825;;;;;5773;5792
Eudicot_Arabidopsis_thaliana_I_4;5760;;;122;520;;;;;1423;2109;2887;3684;4456;4743;5125;5343;;;5749;5760
Eudicot_Arabidopsis_thaliana_I_5;5680;;;91;525;;;;;1489;2166;2944;3750;4534;4782;5125;5486;;;5663;5680
Eudicot_Arabidopsis_thaliana_L1_6;4980;;;119;550;;;;;1222;1920;2716;3510;4300;4551;;;;;4967;4980
Eudicot_Arabidopsis_thaliana_L1_7;4788;;;102;509;;;;;1310;1987;2830;3624;4138;4389;;;;;4775;4788
Monocot_Chionographis_japonica_I_1;5528;;;103;510;568;657;;;1380;2063;2841;3647;4419;4697;4995;5354;;;5510;5528
Monocot_Chionographis_japonica_I_2;5548;;;96;524;582;671;;;1397;2080;2858;3664;4439;4717;5015;5374;;;5528;5548
Monocot_Chionographis_japonica_I_3;5540;;;114;521;594;668;;;1334;2086;2858;3664;4436;4714;5012;5371;;;5529;5540
Monocot_Chionographis_japonica_I_4;5464;;;43;450;523;597;;;1314;1997;2781;3587;4392;4637;4935;5294;;;5449;5464
Monocot_Chionographis_japonica_I_5;5780;;;114;395;447;548;;;1514;2200;2981;3784;4569;4850;5163;5516;;;5767;5780
Monocot_Chionographis_japonica_I_6;7232;;;96;515;528;668;;;1634;2320;3101;3904;4703;4984;5297;5650;;;7215;7232
Monocot_Rhynchospora_filiformis_I_1;5520;;;112;477;;;;;1035;1718;2592;3395;4167;4430;4740;5111;;;5509;5520
Monocot_Rhynchospora_filiformis_I_2;5276;;;92;505;;;;;1183;1869;2641;3447;4210;4485;4783;5154;;;5263;5276
Monocot_Rhynchospora_filiformis_L1_3;5444;;;108;476;;;;;1866;2555;3319;4110;4876;5130;;;;;5434;5444
Monocot_Rhynchospora_filiformis_I_4;5352;;;103;393;;;;;984;1664;2472;3278;;;4626;4997;;;5341;5352
Monocot_Rhynchospora_filiformis_L1_5;5724;;;135;506;;;;;2143;2826;3619;4410;5167;5421;;;;;5704;5724
Monocot_Rhynchospora_filiformis_L1_6;5340;;;119;436;;;;;1414;2082;2884;3684;4459;4695;;;;;5326;5340
Monocot_Rhynchospora_holoschoenoides_I_1;5376;;;97;510;;;;;1074;1757;2541;3341;4110;4373;4695;5066;;;5360;5376
Monocot_Rhynchospora_holoschoenoides_I_2;5304;;;77;367;;;;;1104;1700;2472;3278;4092;4319;4611;4988;;;5288;5304
Monocot_Rhynchospora_holoschoenoides_I_3;5116;;;76;441;;;;;1017;1703;2472;3278;4041;4322;4620;4988;;;5100;5116
Monocot_Rhynchospora_holoschoenoides_I_4;5660;;;125;538;;;;;1414;2091;2875;3681;4465;4728;5041;5412;;;5647;5660
Monocot_Rhynchospora_holoschoenoides_I_5;5244;;;104;460;464;607;;;946;1620;2395;3201;3970;4230;4534;4920;;;5233;5244
Monocot_Rhynchospora_holoschoenoides_I_6;5216;;;113;478;;;;;1117;1806;2575;3381;4144;4422;4720;5091;;;5194;5216
Monocot_Rhynchospora_holoschoenoides_I_7;5616;;;139;498;;;;;1386;2063;2832;3632;4407;4676;4977;5345;;;5592;5616
Monocot_Rhynchospora_holoschoenoides_I_8;5284;;;106;423;484;627;;;951;1364;2412;3218;3987;4256;4596;4979;;;5273;5284
Monocot_Rhynchospora_holoschoenoides_I_9;5224;;;91;510;;;;;1134;1823;2592;3398;4161;4436;4731;5099;;;5203;5224
Monocot_Rhynchospora_holoschoenoides_I_10;5244;;;116;481;;;;;1117;1806;2575;3381;4144;4422;4720;5085;;;5191;5244
Monocot_Rhynchospora_holoschoenoides_I_11;5764;;;75;509;;;;;1611;1934;2712;3521;4293;4556;4857;5231;;;5736;5764
Monocot_Rynchospora_pubera_L1_1;5432;;;118;489;;;;;1056;1736;2532;3335;4107;4352;;;;;5419;5432
Monocot_Rynchospora_pubera_I_2;5548;;;115;477;;;;;1059;1736;2589;3395;4167;4421;4749;5123;;;5532;5548
Monocot_Rynchospora_pubera_I_3;5392;;;101;463;;;;;1051;1731;2515;3321;4150;4365;4666;5037;;;5375;5392
Monocot_Rynchospora_pubera_I_4;5372;;;106;468;;;;;1048;1728;2512;3321;4168;4362;4663;5037;;;5362;5372
Monocot_Rynchospora_pubera_I_5;5206;;;128;496;;;;;1048;1476;2314;3120;3890;4135;4460;4834;;;;5206
Monocot_Rynchospora_pubera_I_6;5476;;;77;439;;;;;1075;1764;2575;3381;4153;4425;4738;5109;;;5465;5476
Monocot_Rynchospora_pubera_I_7;5388;;;116;496;;;;;1027;1704;2515;3321;4093;4347;4660;5040;;;5371;5388
Monocot_Rynchospora_pubera_I_8;5400;;;130;510;;;;;1041;1718;2529;3335;4107;4361;4674;5054;;;5386;5400
Monocot_Rynchospora_pubera_L1_9;4956;;;124;381;;;;;1017;1706;2515;3321;4093;4365;;;;;4943;4956
Monocot_Rynchospora_pubera_I_10;5880;;;74;445;;;;;1030;1707;2712;3515;4287;4550;4858;5232;;;5866;5880
Monocot_Rynchospora_tenerrima_I_1;5404;;;110;472;;;;;1036;1716;2515;3321;4093;4311;4664;5035;;;5388;5404
Monocot_Rynchospora_tenerrima_I_2;5368;;;110;523;;;;;1297;1974;2746;3552;4312;4578;4870;5238;;;5350;5368
Monocot_Rynchospora_tenerrima_I_3;5372;;;86;340;;;;;970;1647;2455;3261;4032;4301;4608;4952;;;5356;5372
Monocot_Rynchospora_tenerrima_I_4;5388;;;128;424;;;;;1015;1695;2503;3309;4081;4350;4654;5028;;;5368;5388
Monocot_Rynchospora_tenerrima_I_5;5400;;;96;446;;;;;819;1499;2300;3112;3881;4159;4454;4828;;;5386;5400
Monocot_Rynchospora_tenerrima_I_6;5476;;;124;492;;;;;1089;1769;2553;3359;4131;4385;4704;5072;;;5459;5476
Monocot_Rynchospora_tenerrima_L1_7;5356;;;113;367;;;;;970;1647;2455;3261;4033;4302;;;;;5346;5356
Monocot_Rynchospora_tenerrima_I_8;5364;;;109;522;;;;;1296;1973;2745;3551;4311;4577;4869;5237;;;5346;5364
Monocot_Rynchospora_tenerrima_I_9;5252;;;72;374;;;;;1191;1880;2649;3455;4218;4493;4763;5137;;;5237;5252
Monocot_Rynchospora_tenerrima_L1_10;7312;;;89;454;;;1451;2947;3570;4253;5072;5875;6647;6904;;;;;7300;7312
Monocot_Rhynchospora_breviuscula_RTE_1;4756;;;;;;;;;70;786;1612;2361;;;;;3164;3200;4744;4756
Monocot_Rhynchospora_breviuscula_RTE_2;5032;;;;;;;;;90;806;1632;2381;;;;;3196;3216;5011;5032
Monocot_Rhynchospora_breviuscula_RTE_3;4224;;;;;;;;;129;845;1672;2421;;;;;3248;3268;4211;4224
Monocot_Rhynchospora_breviuscula_RTE_4;3564;;;;;;;;;109;825;1652;2401;;;;;3228;3248;3550;3564
Monocot_Rhynchospora_breviuscula_RTE_5;3848;;;;;;;;;110;826;1652;2401;;;;;3204;3236;3835;3848
Monocot_Rhynchospora_breviuscula_RTE_6;3396;;;;;;;;;110;826;1652;2401;;;;;3224;3244;3385;3396
Monocot_Rhynchospora_breviuscula_RTE_7;3312;;;;;;;;;110;826;1658;2401;;;;;3216;3236;3298;3312
Monocot_Rhynchospora_ridleyi_I_1;5596;;;104;472;;;;;1222;1911;2695;3495;4270;4542;4831;5175;;;5581;5596
Monocot_Rhynchospora_ridleyi_I_2;5552;;;64;432;;;;;1182;1871;2655;3455;4230;4502;4791;5135;;;5542;5552
Monocot_Rhynchospora_ridleyi_I_3;5484;;;127;429;;;;;1122;1799;2592;3398;4170;4442;4746;5114;;;5472;5484
Monocot_Rhynchospora_ridleyi_I_4;5568;;;121;492;;;;;1122;1790;2595;3398;;;4743;5123;;;5556;5568
Monocot_Rhynchospora_ridleyi_I_5;5404;;;83;436;;;;;1012;1701;2524;3330;4102;4371;4672;5052;;;5388;5404
Monocot_Rhynchospora_ridleyi_I_6;5520;;;100;438;;;;;1047;1721;2533;3339;4108;4380;4684;5061;;;5507;5520
Monocot_Rhynchospora_ridleyi_I_7;5420;;;124;504;;;;;1077;1757;2592;3398;4173;4439;4746;5123;;;5408;5420
Monocot_Rhynchospora_ridleyi_I_8;5424;;;124;504;;;;;1077;1757;2592;3398;4173;4439;4746;5123;;;5410;5424
Monocot_Rhynchospora_ridleyi_I_9;5555;;;83;454;;;;;1048;1725;2524;3330;4102;4374;4669;5046;;;5540;5555
Monocot_Rhynchospora_ridleyi_I_10;5196;;;80;502;584;652;;;1120;1797;2572;3381;4144;4407;4696;5061;;;5180;5196
Monocot_Rhynchospora_gaudichaudii_I_1;5508;;;113;475;;;;;1039;1719;2530;3336;4108;4389;4699;5073;;;5490;5508
Monocot_Rhynchospora_gaudichaudii_I_2;5784;;;89;520;;;;;1318;1731;2773;3579;4423;4614;4930;5289;;;5769;5784
Monocot_Rhynchospora_gaudichaudii_I_3;5884;;;118;477;;;;;1035;1715;2529;3332;4104;4376;4683;4997;;;5857;5884
Monocot_Rhynchospora_gaudichaudii_I_4;5404;;;119;403;;;;;982;1659;2473;3276;4048;4317;4621;4995;;;5384;5404
Monocot_Rhynchospora_gaudichaudii_I_5;5376;;;101;343;;;;;970;1647;2458;3252;4036;4296;4594;4965;;;5356;5376
Monocot_Rhynchospora_gaudichaudii_I_6;5580;;;121;468;;;;;1116;1787;2589;3392;4167;4445;4734;4973;;;5561;5580
Monocot_Rhynchospora_gaudichaudii_I_7;5412;;;94;462;;;;;1050;1754;2562;3347;4119;4391;4698;5072;;;5400;5412
Monocot_Rhynchospora_gaudichaudii_I_8;5328;;;112;462;532;669;;;1002;1691;2466;3269;4035;4304;4605;4988;;;5307;5328
Monocot_Rhynchospora_austrobrasiliensis_L1_1;5644;;;71;487;;;;;1684;2349;3086;3886;4655;4903;;;;;5630;5644
Monocot_Rhynchospora_austrobrasiliensis_L1_2;5700;;;127;543;;;;;1740;2405;3142;3942;4711;4959;;;;;5686;5700
Monocot_Rhynchospora_austrobrasiliensis_I_3;6448;;;113;526;;;;;1129;1809;2605;3417;4186;4446;4744;5124;;;6438;6448
Pinophyta_Taxus_chinensis_I_1;6136;;;77;490;;;;;1788;2483;3294;4082;4884;5126;5526;5888;;;6129;6136
Pinophyta_Taxus_chinensis_I_2;6164;;;117;539;;;;;1582;2214;3088;3846;4679;4930;5330;5692;;;6153;6164
Pinophyta_Taxus_chinensis_I_3;6228;;;84;488;;;;;1549;2244;3059;3847;4649;4900;5291;5653;;;6218;6228
Pinophyta_Taxus_chinensis_I_4;6356;;;84;488;;;;;1575;2270;3081;3869;4670;4921;5321;5683;;;6347;6356
Pinophyta_Taxus_chinensis_I_5;6148;;;117;548;;;;;1572;2267;3080;3868;4672;4923;5323;5688;;;6137;6148
Pinophyta_Taxus_chinensis_I_6;6160;;;117;539;;;;;1807;2271;3130;3870;4672;4923;5323;5685;;;6152;6160
Pinophyta_Taxus_chinensis_I_7;6044;;;117;548;;;;;1809;2504;3316;4104;4906;5157;5551;5910;;;6034;6044
Pinophyta_Taxus_chinensis_I_8;6512;;;117;533;;;;;1589;2284;3096;3884;4688;4939;5339;5701;;;6505;6512
Pinophyta_Taxus_chinensis_I_9;6156;;;81;512;;;;;1808;2503;3314;4102;4904;5155;5546;5908;;;6149;6156
Pinophyta_Taxus_chinensis_I_10;5968;;;81;503;;;;;1544;2239;3051;3839;4642;4893;5292;5654;;;5958;5968
Pinophyta_Taxus_chinensis_I_11;6004;;;81;512;;;;;1770;2465;3276;4064;4866;5117;5508;5870;;;5994;6004
Pinophyta_Cupressus_sempervirens_I_1;5604;;;85;492;;;;;1272;1883;2784;3572;4404;4664;5082;5450;;;5591;5604
Pinophyta_Cupressus_sempervirens_I_2;5644;;;88;495;;;;;1275;1904;2778;3515;4395;4655;5073;5441;;;5633;5644
Pinophyta_Cupressus_sempervirens_I_3;5660;;;88;495;;;;;1275;1973;2778;3575;4407;4667;5085;5453;;;5645;5660
Pinophyta_Cupressus_sempervirens_I_4;6108;;;94;501;;;;;1275;1952;2781;3575;4407;4667;5085;5411;;;6097;6108
Pinophyta_Cupressus_sempervirens_I_5;6312;;;113;547;;;;;1327;2004;2830;3627;4458;4718;5136;5504;;;6303;6312
Pinophyta_Cupressus_sempervirens_I_6;5636;;;71;478;;;;;1258;1935;2761;3558;4390;4650;5068;5436;;;5626;5636
Pinophyta_Cupressus_sempervirens_I_7;6308;;;86;493;;;;;1267;1893;2773;3567;4399;4659;5077;5445;;;6294;6308
Pinophyta_Cupressus_sempervirens_I_8;5716;;;119;553;;;;;1333;2031;2836;3429;4466;4726;5144;5506;;;5704;5716
Pinophyta_Cupressus_sempervirens_I_9;6332;;;115;516;;;;;1399;2082;2887;3681;4458;4706;5070;5429;;;6323;6332
Pinophyta_Cupressus_sempervirens_I_10;6832;;;116;550;;;;;1327;2004;2833;3627;4459;4719;5137;5505;;;6818;6832
Pinophyta_Cupressus_sempervirens_I_11;5788;;;111;443;;;;;1275;1973;2781;3575;4407;4667;5084;5452;;;5776;5788
Pinophyta_Pinus_tabuliformis_I_1;6444;;;124;444;;;;;1275;1970;2778;3575;4442;4654;5069;5452;;;6433;6444
Pinophyta_Pinus_tabuliformis_I_2;5856;;;122;526;;;;;1357;2055;2860;3606;4541;4726;5150;5533;;;5845;5856
Pinophyta_Pinus_tabuliformis_I_3;6468;;;89;493;587;637;;;1327;2025;2830;3627;4513;4698;5122;5505;;;6455;6468
Pinophyta_Pinus_tabuliformis_I_4;6524;;;79;483;;;;;1267;1944;2770;3567;4453;4647;5062;5445;;;6507;6524
Pinophyta_Pinus_tabuliformis_I_5;6260;;;77;439;533;583;;;1272;1970;2773;3570;4469;4630;5045;5428;;;6249;6260
Pinophyta_Pinus_tabuliformis_I_6;6680;;;97;501;;;;;1344;2033;2838;3635;4503;4706;5129;5506;;;6667;6680
Pinophyta_Pinus_tabuliformis_I_7;7016;;;76;483;;;;;1335;2012;2841;3635;4512;4715;5121;5513;;;7005;7016
Pinophyta_Pinus_tabuliformis_I_8;6193;;;120;392;;;;;1244;1921;2749;3543;4414;4617;5035;5421;;;6104;6193
Pinophyta_Pinus_tabuliformis_I_9;6388;;;115;525;;;;;1335;2033;2838;3635;4512;4697;5121;5504;;;6373;6388
Pinophyta_Pinus_tabuliformis_I_10;6780;;;103;504;;;;;1338;2033;2838;3635;4518;4712;5127;5510;;;6765;6780
Pinophyta_Cryptomeria_japonica_I_1;7428;;;107;496;;;;;1357;2052;2854;3588;4467;4715;5142;5519;;;7403;7428
Pinophyta_Cryptomeria_japonica_I_2;7672;;;86;403;;;;;1336;2031;2833;3627;4450;4710;5125;5502;;;7650;7672
Pinophyta_Cryptomeria_japonica_I_3;7392;;;94;411;;;;;1344;2039;2841;3635;4458;4718;5133;5510;;;7382;7392
Pinophyta_Cryptomeria_japonica_I_4;7700;;;94;429;;;;;1344;2039;2841;3635;4458;4718;5133;5507;;;7689;7700
Pinophyta_Cryptomeria_japonica_I_5;5504;;;97;447;;;;;1095;1772;2601;3395;4227;4478;4905;5273;;;5493;5504
Pinophyta_Cryptomeria_japonica_I_6;7380;;;94;432;;;;;1344;2039;2841;3635;4458;4718;5133;5510;;;7363;7380
Pinophyta_Cryptomeria_japonica_I_7;7488;;;100;489;;;;;1344;2039;2841;3635;4458;4718;5133;5510;;;7474;7488
Pinophyta_Cryptomeria_japonica_I_8;7628;;;86;421;;;;;1336;2031;2833;3627;4450;4710;5125;5502;;;7605;7628
Pinophyta_Cryptomeria_japonica_I_9;5728;;;125;535;;;;;1327;2004;2830;3627;4459;4719;5137;5505;;;5715;5728
Pinophyta_Cryptomeria_japonica_I_10;7300;;;71;472;;;;;1650;2351;3157;3948;4838;5032;5432;5812;;;7289;7300
Pinophyta_Sequoiadendron_giganteum_I_1;5668;;;89;493;;;;;1268;1966;2773;3567;4399;4659;5077;5439;;;5654;5668
Pinophyta_Sequoiadendron_giganteum_I_2;5840;;;88;495;;;;;1275;1901;2781;3515;4405;4665;5083;5451;;;5827;5840
Pinophyta_Sequoiadendron_giganteum_I_3;5740;;;117;461;;;;;1321;1998;2824;3621;4454;4714;5132;5500;;;5721;5740
Pinophyta_Sequoiadendron_giganteum_I_4;6520;;;109;549;;;;;1167;1841;2658;3452;4272;4526;4931;5293;;;6506;6520
Pinophyta_Sequoiadendron_giganteum_I_5;6504;;;85;492;;;;;1275;1973;2778;3575;4407;4667;5085;5453;;;6483;6504
Pinophyta_Sequoiadendron_giganteum_I_6;6944;;;87;470;;;;;1681;2364;3193;3987;4818;5048;5475;5840;;;6932;6944
Pinophyta_Sequoiadendron_giganteum_I_7;5428;;;107;490;;;;;1225;1839;2710;3507;4324;4572;4981;5343;;;5416;5428
Pinophyta_Sequoiadendron_giganteum_I_8;7696;;;101;535;;;;;1533;2147;3030;3815;4601;4852;5267;5626;;;7684;7696
Pinophyta_Sequoiadendron_giganteum_I_9;7104;;;94;501;;;;;1221;1901;2658;3443;4275;4520;4923;5285;;;7088;7104
Pinophyta_Sequoiadendron_giganteum_I_10;7120;;;115;513;;;;;1275;1895;2757;3554;4371;4619;5025;5384;;;7110;7120
Polypodiophyta_Ceratopteris_richardii_L1_1;6252;;;122;268;;;;;2351;3040;3847;4641;5586;5771;;;;;6241;6252
Polypodiophyta_Ceratopteris_richardii_I_2;6140;;;98;445;;;;;1285;1980;2767;3561;4516;4701;5603;6001;;;6134;6140
Polypodiophyta_Ceratopteris_richardii_L1_3;5200;;;139;480;;;;;1328;2023;2809;3603;4558;4740;;;;;5191;5200
Polypodiophyta_Ceratopteris_richardii_L1_4;5384;;;131;472;;;;;1342;1953;2823;3617;4604;4756;;;;;5369;5384
Polypodiophyta_Ceratopteris_richardii_L1_5;5208;;;103;477;;;;;1327;2022;2809;3603;4519;4743;;;;;5194;5208
Polypodiophyta_Ceratopteris_richardii_I_6;6304;;;106;480;;;;;1327;2022;2809;3603;4519;4725;5742;6059;;;6297;6304
Polypodiophyta_Ceratopteris_richardii_I_7;6488;;;110;334;;;;;1192;1887;2674;3468;4423;4605;5928;6293;;;6476;6488
Polypodiophyta_Ceratopteris_richardii_I_8;7536;;;102;479;654;698;;;1325;2020;2826;3617;4603;4785;6783;7190;;;7529;7536
Polypodiophyta_Ceratopteris_richardii_L1_9;5236;;;126;491;;;;;1354;2037;2827;3621;4574;4759;;;;;5229;5236
Polypodiophyta_Ceratopteris_richardii_L1_10;5220;;;115;489;;;;;1338;2033;2820;3614;4570;4752;;;;;5205;5220
Polypodiophyta_Ceratopteris_richardii_I_11;5460;;;106;351;;;;;1589;1984;2763;3557;4545;4697;4817;5008;;;5454;5460
Polypodiophyta_Adiantum_capillus-veneris_L1_1;6478;;;112;459;;;;;1821;2561;3394;4175;5453;5632;;;;;6469;6478
Polypodiophyta_Adiantum_capillus-veneris_L1_2;6044;;;104;463;;;648;893;1881;2630;3441;4226;5199;5390;;;;;6029;6044
Polypodiophyta_Adiantum_capillus-veneris_L1_3;6416;;;113;385;;;;;1913;2662;3473;4258;5564;5755;;;;;6394;6416
Polypodiophyta_Adiantum_capillus-veneris_L1_4;6408;;;84;443;;;;;1864;2613;3473;4258;5564;5755;;;;;6394;6408
Polypodiophyta_Adiantum_capillus-veneris_L1_5;6516;;;90;434;;;;;1780;2520;3343;4134;5460;5645;;;;;6502;6516
Polypodiophyta_Adiantum_capillus-veneris_L1_6;6376;;;95;454;;;;;1867;2616;3441;4226;5532;5723;;;;;6364;6376
Polypodiophyta_Adiantum_capillus-veneris_L1_7;6372;;;110;469;;;;;1892;2452;3441;4226;5530;5721;;;;;6360;6372
Polypodiophyta_Adiantum_capillus-veneris_L1_8;6356;;;88;447;;;;;1860;2606;3416;4201;5501;5698;;;;;6337;6356
Polypodiophyta_Adiantum_capillus-veneris_L1_9;6436;;;129;488;;;;;1941;2690;3501;4286;5592;5783;;;;;6423;6436
Hepatophyta_Marchantia_polymorpha_L1_1;5472;;;104;409;;;;;1888;2538;3388;4158;5165;5356;;;;;5463;5472
Bryophyta_Isothecium_myosuroides_L1_1;6512;;;76;459;;;;;2075;2830;3620;4417;;;;;;;6502;6512
Bryophyta_Isothecium_myosuroides_L1_2;6512;;;76;459;;;;;2075;2830;3620;4417;;;;;;;6501;6512
Bryophyta_Antitrichia_curtipendula_L1_1;7708;;;129;485;;;;;2341;3096;3916;4707;5887;6171;;;;;7697;7708
Bryophyta_Antitrichia_curtipendula_L1_2;6760;;;97;483;;;;;2409;3179;3982;4761;6067;6258;;;;;6749;6760
Bryophyta_Antitrichia_curtipendula_L1_3;8000;;;84;470;;;;;2403;3164;3978;4760;6066;6257;;;;;7983;8000
Bryophyta_Antitrichia_curtipendula_L1_4;6532;;;103;483;;;;;1899;2552;3438;4241;5535;5729;;;;;6513;6532
Bryophyta_Antitrichia_curtipendula_L1_5;6688;;;112;495;;;;;2190;2945;3744;4544;5853;6050;;;;;6652;6688
Bryophyta_Antitrichia_curtipendula_L1_6;6128;;;115;486;;;;;2187;2942;3741;4538;;;;;;;6118;6128
Bryophyta_Antitrichia_curtipendula_L1_7;7160;;;115;471;;;;;2388;3149;3948;4664;;;;;;;7134;7160
Bryophyta_Antitrichia_curtipendula_L1_8;6712;;;107;475;;;;;2209;2964;3763;4563;;;;;;;6699;6712
Bryophyta_Antitrichia_curtipendula_L1_9;6580;;;92;454;;;;;2125;2880;3679;4479;;;;;;;6571;6580
Bryophyta_Antitrichia_curtipendula_L1_10;6596;;;96;458;;;;;2209;2940;3736;4530;;;;;;;6574;6596
Bryophyta_Sphagnum_fallax_L1_1;6432;;;78;449;;;;;2041;2796;3625;4407;5608;5904;;;;;6422;6432
Bryophyta_Sphagnum_fallax_L1_2;6572;;;70;435;;;;;2046;2801;3621;4412;5732;5893;;;;;6563;6572
Bryophyta_Sphagnum_magellanicum_L1_1;6356;;;78;353;;;;;1774;2535;3356;4147;5467;5646;;;;;6347;6356
Bryophyta_Sphagnum_magellanicum_L1_2;5300;;;112;519;;;;;2255;2917;3745;4527;;;;;;;5288;5300
Bryophyta_Sphagnum_magellanicum_L1_3;6860;;;71;433;;;;;2874;3629;4461;5114;6573;6749;;;;;6850;6860
Bryophyta_Sphagnum_magellanicum_L1_4;5528;;;69;455;;;;;2217;2972;3792;4583;;;;;;;5517;5528
Bryophyta_Sphagnum_magellanicum_L1_5;4528;;;99;494;;;;;2101;2856;3676;4467;;;;;;;4518;4528
Bryophyta_Sphagnum_magellanicum_L1_6;7656;;;127;402;;;;;2166;2921;3741;4532;5736;6032;;;;;7638;7656
Bryophyta_Sphagnum_magellanicum_L1_7;4764;;;77;463;;;;;2130;2858;3741;4274;;;;;;;4755;4764
Bryophyta_Straminergon_stramineum_L1_1;5424;;;99;488;;;;;1976;2629;3523;4326;;;;;;;5411;5424
Bryophyta_Straminergon_stramineum_L1_2;6704;;;70;411;;;;;2631;3386;4216;5007;6298;6477;;;;;6694;6704
Bryophyta_Straminergon_stramineum_L1_3;6708;;;92;451;;;;;2214;2957;3772;4455;;;;;;;6682;6708
Bryophyta_Straminergon_stramineum_L1_4;5452;;;123;530;;;;;1999;2742;3550;4350;;;;;;;5442;5452
Bryophyta_Thuidium_tamariscinum_L1_1;7039;;;128;478;;;;;2388;3140;3966;4754;5967;6224;;;;;7020;7039
Bryophyta_Thuidium_tamariscinum_L1_2;6392;;;89;469;;;;;1867;2622;3417;4220;5517;5708;;;;;6378;6392
Bryophyta_Thuidium_tamariscinum_L1_3;6896;;;115;507;;;;;2123;2869;3970;4770;6079;6273;;;;;6883;6896
Bryophyta_Thuidium_tamariscinum_L1_4;6512;;;113;493;;;;;2008;2751;3547;4350;5647;5838;;;6388;6428;6499;6512
Bryophyta_Thuidium_tamariscinum_L1_5;6664;;;115;513;;;;;2172;2927;3720;4523;5832;6026;;;;;6640;6664
Bryophyta_Thuidium_tamariscinum_L1_6;5640;;;99;494;;;;;2010;2765;3561;4364;5661;5855;;;;;5622;5640
Bryophyta_Thuidium_tamariscinum_L1_7;6664;;;95;481;;;;;2125;2880;3676;4470;;;;;6460;6476;6632;6664
Bryophyta_Thuidium_tamariscinum_L1_8;6616;;;115;477;;;;;2190;2756;3681;4484;5793;5987;;;;;6596;6616
Bryophyta_Thuidium_tamariscinum_L1_9;7812;;;73;429;;;;;2339;3100;3951;4709;6000;6188;;;;;7801;7812
Bryophyta_Thuidium_tamariscinum_L1_10;7320;;;90;488;;;;;2109;2855;3669;4430;;;;;;;7299;7320
