Monocentric Monocots;Name of elements;Size (bp);ORF 1 RRM início;ORF 1 RRM fim;ORF 1 DUF início;ORF 1 DUF fim;ORF 1 Zf-CCHC início;ORF 1 Zf-CCHC fim;ORF 1 PHA(?) início;ORF 1 PHA(?)  fim;ORF 2 EEP início;ORF 2 EEP  fim;ORF 2 RT início;ORF 2 RT fim;ORF 2 Zf-RVT início;ORF 2 Zf-RVT  fim;ORF 2 RH início;ORF 2 RH fim;(GTT)n início;(GTT)n fim;Poli-A início;Poli-A fim
Zea mays;LINE_RTE_Zea_mays_1_chr3_LR618876.1;4316;;;;;;;;;88;795;1699;2376;;;;;3148;3164;4306;4316
Zea mays;LINE_RTE_Zea_mays_2_chr1_273771746_273781054;5504;;;101;394;;;;;2105;2782;3586;4380;5160;5405;;;;;5489;5504
Zea mays;LINE_RTE_Zea_mays_3_chr7_LR618880_1;5992;;;77;304;;;;;2299;2985;3772;4563;5293;5544;;;;;5976;5992
Zea mays;LINE_L1_Zea_mays_4;5356;;;79;384;388;531;;;1194;1595;2661;3470;4236;4538;4848;5216;;;5356;5347
Zea mays;LINE_RTE_Zea_mays_6_chr5_LR618878_1;4460;;;;;;;;;89;805;1631;2380;;;;;3152;3172;4450;4460
Zea mays;LINE_RTE_Zea_mays_7_chr8_LR618881_1;3800;;;;;;;;;89;805;1631;2380;;;;;3152;3172;3784;3800
Zea mays;LINE_RTE_Zea_mays_8_chr5_LR618878_1;3816;;;;;;;;;89;805;1631;2380;;;;;3148;3460;3807;3816
Zea mays;LINE_RTE_Zea_mays_9_chr5_LR618878_1;3524;;;;;;;;;97;810;1631;2380;;;;;3148;3184;3513;3524
Zea mays;LINE_RTE_Zea_mays_10_chr5_LR618878_1;3220;;;;;;;;;89;805;1631;2380;;;;;3148;3168;3208;3220
Zea mays;LINE_L1_Zea_mays_11_chr1_36153998_36164804;6180;;;130;531;535;681;;;1542;2231;3021;3830;4596;4889;5682;6038;;;6168;6180
Zea mays;LINE_L1_Zea_mays_12_chr1_121124548_121135354;5420;;;116;448;;;;;1257;1658;2721;3530;4296;4598;4908;5276;;;5409;5420
Zea mays;LINE_RTE_Zea_mays_13_chr1_77966709_77977395;5744;;;125;565;;;;;2019;2699;3495;4283;5013;5264;;;;;5730;5744
Zea mays;LINE_RTE_Zea_mays_14_chr1_158009293_158019988;5840;;;110;493;;;;;1836;2513;3318;4112;4893;5138;;;;;5827;5840
Phoenix dactylifera;LINE_L1_Phoenix_dactylifera_1_NC_052392.1_924760_935560;6020;;;85;468;472;621;;;1854;2531;3318;4124;4956;5144;5493;5852;;;5993;6020
Phoenix dactylifera;LINE_L1_Phoenix_dactylifera_2_NC_052392.1_15295678_15304878;6340;;;104;544;;;;;2187;2858;3658;4464;5257;5478;5829;6110;;;6323;6340
Phoenix dactylifera;LINE_L1_Phoenix_dactylifera_3_NC_052392.1_34423261_34432461;6108;;;86;523;596;679;;;1945;2625;3418;4224;5017;5181;5588;5947;;;6084;6108
Phoenix dactylifera;LINE_L1_Phoenix_dactylifera_4_NC_052392.1_40684385_40695185;6124;;;97;513;;;320;1777;1968;2510;3438;4244;5019;5264;5616;5981;;;6109;6124
Phoenix dactylifera;LINE_L1_Phoenix_dactylifera_5_NC_052392.1_22117223_22128023;6292;;;67;501;505;642;1071;1781;2136;2825;3618;4424;5220;5444;5793;6155;;;6275;6292
Phoenix dactylifera;LINE_L1_Phoenix_dactylifera_6_NC_052392.1_36107932_36117132;6180;;;128;565;569;712;;;1996;2685;3481;4284;5125;5310;5656;6018;;;6154;6180
Phoenix dactylifera;LINE_L1_Phoenix_dactylifera_7_NC_052392.1_23193030_23203830;6192;;;111;410;;;;;2015;2701;3498;4304;5097;5318;5670;6011;;;6167;6192
Phoenix dactylifera;LINE_L1_Phoenix_dactylifera_8_NC_052392.1_20186857_20196138;6244;;;109;546;;;;;2088;2765;3559;4266;5190;5381;5730;6089;;;6228;6244
Phoenix dactylifera;LINE_L1_Phoenix_dactylifera_9_NC_052392.1_15128182_15137382;6452;;;122;562;;;773;1069;2233;2922;3718;4524;5317;5538;5890;6249;;;6387;6452
Phoenix dactylifera;LINE_L1_Phoenix_dactylifera_10_NC_052392.1_31336271_31347071;6128;;;136;570;574;717;907;1689;1956;2642;3441;4244;5040;5267;5612;5974;;;6109;6128
Sorghum bicolor;LINE_L1_Sorghum_bicolor_chr1_CP137835.1_80978510_80987313;5360;;;123;500;;;516;644;1214;1888;2681;3484;4256;4555;4880;5239;;;5343;5360
Allium sativum;LINE_RTE_Allium_sativum_1_CM060909.1_408437176_408446403;5472;;;90;503;;;;;1708;2121;3193;3990;4765;5004;;;;;5461;5472
Allium sativum;LINE_RTE_Allium_sativum_2_CM060909.1_521497957_521507151;5404;;;74;505;;;;;1645;2337;3136;3930;4705;4950;;;;;5394;5404
Allium sativum;LINE_RTE_Allium_sativum_3_CM060909.1_167387507_167396734;5516;;;93;500;;;;;1772;2185;3256;4050;4869;5081;;;;;5504;5516
Allium sativum;LINE_RTE_Allium_sativum_4_CM060909.1_523749307_523760080;5504;;;74;505;;;;;1800;2453;3249;4043;4818;5075;;;;;5484;5504
Allium sativum;LINE_RTE_Allium_sativum_5_CM060909.1_477580329_477589556;5584;;;112;537;;;;;1700;2386;3193;3990;4986;5120;;;;;5574;5584
Allium sativum;LINE_RTE_Allium_sativum_6_CM060909.1_407957690_407966917;5472;;;89;502;;;;;1705;2397;3193;3990;4765;5004;;;;;5461;5472
Allium sativum;LINE_RTE_Allium_sativum_7_CM060909.1_705393725_705404498;5848;;;72;497;;;;;1635;2318;3126;3923;4685;4915;;;;;5836;5848
Allium sativum;LINE_RTE_Allium_sativum_8_CM060909.1_505203708_505214481;5696;;;117;548;;;;;1707;2114;3186;3983;4758;5015;;;;;5686;5696
Allium sativum;LINE_RTE_Allium_sativum_9_CM060909.1_542378068_542388841;5644;;;82;513;;;;;1881;2573;3369;4163;4989;5195;;;;;5615;5644
Allium sativum;LINE_RTE_Allium_sativum_10_CM060909.1_543140364_543151137;5504;;;78;509;;;;;1764;2453;3249;4043;4818;5075;;;;;5491;5504
Allium sativum;LINE_RTE_Allium_sativum_12_so1_CM060909.1_957727421_957738164;4256;;;;;;;;;99;815;1635;2384;;;;;3184;3196;4256;5445
Aechmea fasciata;LINE_L1_Aechmea_fasciata_1_chr1_CM045923.1_8941797_8952597;6000;;;88;522;526;666;;;1799;2482;3258;4061;4837;5085;5398;5748;;;5965;6000
Aechmea fasciata;LINE_RTE_Aechmea_fasciata_2_chr1_CM045923.1_22507957_22517175;5484;;;83;352;;;;;1786;2472;3268;4050;4846;5088;;;;;5471;5484
Aechmea fasciata;LINE_RTE_Aechmea_fasciata_3_chr1_CM045923.1_2006531_2015884;5772;;;81;311;;;;;1912;2598;3394;4020;4990;5241;;;;;5760;5772
Aechmea fasciata;LINE_L1_Aechmea_fasciata_4_chr3_CM045925.1_2181976_2191188;5856;;;87;521;;;;;1709;2395;3193;3990;4764;5006;5323;5682;;;5840;5856
Aechmea fasciata;LINE_RTE_Aechmea_fasciata_5_chr2_CM045924.1_15224529_15233744;5708;;;126;296;;;;;1951;2637;3430;4221;5023;5274;;;;;5699;5708
Aechmea fasciata;LINE_RTE_Aechmea_fasciata_6_chr6_CM045928.1_10283507_10292725;6008;;;113;391;;;;;2271;2882;3733;4524;5311;5562;;;;;5999;6008
Aechmea fasciata;LINE_RTE_Aechmea_fasciata_7_chr5_CM045927.1_5861390_5870605;7444;;;88;498;;;;;2191;2877;3670;4461;5261;5512;;;;;7420;7444
Aechmea fasciata;LINE_RTE_Aechmea_fasciata_8_chr5_CM045927.1_6795299_6804631;5300;;;91;354;;;;;1541;1921;3010;3732;4586;4837;;;;;5287;5300
Aechmea fasciata;LINE_RTE_Aechmea_fasciata_9_chr6_CM045928.1_10056480_10067262;5940;;;81;194;;;;;1962;2648;3435;4226;5028;5279;;;;;5928;5940
Aechmea fasciata;LINE_RTE_Aechmea_fasciata_10_chr9_CM045931.1_6548741_6557956;6196;;;73;309;;;;;2442;2759;3910;4701;5505;5756;;;;;6184;6196
Aegilops umbellulata;LINE_L1_Aegilops_umbellulata_1_chr1U_CP136054.1_46013029_46022433;5680;;;104;502;607;708;;;1483;2163;2953;3762;4531;4824;5140;5508;;;5664;5680
Aegilops umbellulata;LINE_L1_Aegilops_umbellulata_2_chr1U_CP136054.1_428683992_428693357;5264;;;84;464;;;;;1115;1774;2557;3360;4134;4427;4759;5121;;;5251;5264
Aegilops umbellulata;LINE_L1_Aegilops_umbellulata_3_chr1U_CP136054.1_50689045_50699764;5096;;;107;271;;;;;993;1412;2475;3275;4040;4312;4665;4991;;;5088;5096
Aegilops umbellulata;LINE_L1_Aegilops_umbellulata_4_chr1U_CP136054.1_428092180_428101386;5652;;;121;516;652;744;;;1468;2157;2941;3747;4643;4813;5121;5486;;;5640;5652
Aegilops umbellulata;LINE_L1_Aegilops_umbellulata_5_chr2U_CP136055.1_464715311_464725907;5788;;;110;463;626;712;;;1414;2100;2898;3698;4467;4778;5076;5441;;;5770;5788
Aegilops umbellulata;LINE_L1_Aegilops_umbellulata_6_chr2U_CP136055.1_513198441_513207758;5296;;;80;349;440;586;;;1021;1713;2503;3303;4075;4368;4672;5037;;;5287;5296
Aegilops umbellulata;LINE_L1_Aegilops_umbellulata_7_chr2U_CP136055.1_395659458_395670078;5308;;;74;490;488;634;;;1174;1866;2649;3455;4224;4502;4809;5171;;;5297;5308
Aegilops umbellulata;LINE_RTE_Aegilops_umbellulata_8_2U_CP136055.1_508719485_508728856;5800;;;130;552;;;;;1554;2210;3235;4023;4807;5055;;;;;5791;5800
Aegilops umbellulata;LINE_RTE_Aegilops_umbellulata_9_2U_CP136055.1_11326510_11335734;6288;;;84;332;;;;;1768;2454;3256;4050;4831;5067;;;;;6277;6288
Aegilops umbellulata;LINE_RTE_Aegilops_umbellulata_10_chr4U_CP136057.1_175245234_175255935;5508;;;94;399;;;;;1459;1881;2949;3749;4527;4766;;;;;5494;5508
Aegilops umbellulata;LINE_L1_Aegilops_umbellulata_11_4U_CP136057.1_54717800_54728510;5760;;;125;499;569;652;;;1432;1842;2994;3677;4443;4733;5262;5627;;;5751;5760
Acorus gramineus;LINE_L1_Acorus_gramineus_1_chr1_CM060847.1_20175349_20186131;5792;;;87;497;;;;;1437;2114;2898;3683;4472;4729;5105;5455;;;5760;5792
Acorus gramineus;LINE_L1_Acorus_gramineus_2_chr2_CM060848.1_5996485_6007267;5908;;;110;520;;;;;1632;2297;3078;3863;4641;4883;5259;5612;;;5899;5908
Acorus gramineus;LINE_L1_Acorus_gramineus_3_chr2_CM060848.1_12256703_12267494;5856;;;117;539;;;;;1432;2100;2901;3692;4476;4718;5097;5447;;;5839;5856
Acorus gramineus;LINE_L1_Acorus_gramineus_4_chr3_CM060849.1_31822703_31831921;5872;;;89;499;;;;;1621;2295;3076;3861;4599;4841;5217;5570;;;5863;5872
Acorus gramineus;LINE_L1_Acorus_gramineus_5_chr5_CM060851.1_23788078_23797347;5720;;;106;534;;;;;1399;2073;2887;3597;4440;4688;5067;5402;;;5701;5720
Acorus gramineus;LINE_L1_Acorus_gramineus_6_chr7_CM060853.1_2444318_2453527;5844;;;100;534;;;;;1483;2151;2950;3741;4518;4757;5145;5495;;;5833;5844
Acorus gramineus;LINE_L1_Acorus_gramineus_7_chr7_CM060853.1_2392401_2403048;5764;;;102;536;;;;;1555;2220;3018;3668;4467;4697;5073;5381;;;5735;5764
Acorus gramineus;LINE_RTE_Acorus_gramineus_8_chr8_CM060854.1_11425793_11436584;5408;;;109;462;;;;;1554;2231;3030;3812;4634;4894;;;;;5397;5408
Acorus gramineus;LINE_L1_Acorus_gramineus_9_chr8_CM060854.1_33833_44612;5648;;;83;493;;;;;1317;1988;2778;3560;4344;4577;4959;5219;;;5633;5648
Acorus gramineus;LINE_L1_Acorus_gramineus_10_chr4_CM060850.1_19295533_19304736;5824;;;77;511;;;;;1435;1845;2899;3690;4476;4724;5103;5456;;;5807;5824
Acorus gramineus;LINE_RTE_Acorus_gramineus_11_chr1_CM060847.1_21769334_21778552;5440;;;118;456;;;;;1607;2023;3076;3861;4666;4929;;;;;5424;5440
Acorus gramineus;LINE_RTE_Acorus_gramineus_12_chr5_CM060851.1_20063996_20073304;6580;;;107;505;;;;;2713;3396;4204;4887;5799;6059;;;;;6561;6580
Oryza sativa;LINE_L1_Oryza_sativa_1_2p_CP132235.1_30270656_30282856;8268;;;87;257;261;410;;;1242;1583;2612;3421;7143;7445;7760;8125;;;8258;8268
Oryza sativa;LINE_L1_Oryza_sativa_2_2p_CP132235.1_4037528_4036731;5668;;;71;466;554;625;;;1776;2147;2935;3741;4513;4806;5176;5544;;;5658;5668
Oryza sativa;LINE_L1_Oryza_sativa_3_2p_CP132235.1_6487569_6498366;5612;;;113;523;611;682;;;1429;2112;2892;3698;4467;4751;5124;5489;;;5602;5612
Oryza sativa;LINE_RTE_Oryza_sativa_4_CP132235.1_30840132_30849350;5704;;;115;480;;;;;1889;2575;3374;4117;4950;5195;;;;;5693;5704
Oryza sativa;LINE_L1_Oryza_sativa_5_2p_CP132235.1_4032528_4041731;5668;;;71;466;554;625;;;1776;2147;2935;3741;4513;4806;5176;5544;;;5658;5668
Oryza sativa;LINE_RTE_Oryza_sativa_6_CP132235.1_2894660_2903905;4672;;;110;340;;;;;1021;1614;2500;3261;3991;4242;;;;;4660;4672
Oryza sativa;LINE_L1_Oryza_sativa_7_CP132235.1_30267656_30281856;8288;;;107;277;281;430;;;1262;1603;2632;3441;7163;7465;7780;8145;;;8278;8288
Helianthus annuus;LINE_RTE_Helianthus_annuus_1_ENC_035433.2_1737281_1748018;5504;103;318;;;;;;;1800;2222;3273;4067;4941;5126;;;;;5491;5504
Helianthus annuus;LINE_RTE_Helianthus_annuus_2_NC_035433.2_15324704_15335444;5508;;;114;560;;;;;1486;2187;2970;3770;4548;4814;;;;;5494;5508
Helianthus annuus;LINE_RTE_Helianthus_annuus_3_NC_035433.2_46665541_46676326;5548;79;291;511;855;;;;;1782;2471;3261;4055;4710;4895;;;;;5522;5548
Helianthus annuus;LINE_RTE_Helianthus_annuus_4_035433.2_82457100_82467840;5804;85;276;;;;;;;2043;2726;3516;4310;5118;5357;;;;;5795;5804
Helianthus annuus;LINE_RTE_Helianthus_annuus_5_NC_035433.2_77359133_77369873;6244;107;319;;;;;;;2471;3148;3936;4730;5548;5805;;;;;6228;6244
Helianthus annuus;LINE_RTE_Helianthus_annuus_6_NC_035433.2_132323290_132332550;5704;92;304;;;;;;;1903;2586;3376;4170;4990;5247;;;;;5690;5704
Helianthus annuus;LINE_RTE_Helianthus_annuus_7_NC_035433.2_6237841_6248626;5864;130;342;;;;;;;2082;2771;3561;4355;5175;5429;;;;;5839;5864
Helianthus annuus;LINE_RTE_Helianthus_annuus_8_NC_035433.2_69134108_69143392;5672;108;320;;;;;;;1919;2335;3385;4179;4999;5253;;;;;5658;5672
Helianthus annuus;LINE_RTE_Helianthus_annuus_9_NC_035433.2_8530946_8540266;5488;123;335;558;938;;;;;1759;2445;3232;4014;4834;5088;;;;;5457;5488
Helianthus annuus;LINE_RTE_Helianthus_annuus_10_NC_035433.2_129444329_129453628;5348;104;316;;;;;;;1807;2490;3280;4074;4654;4914;;;;;5327;5348
Helianthus annuus;LINE_RTE_Helianthus_annuus_11_NC_035433.2_16227126_16237866;5004;;;89;520;;;;;1134;1826;2610;3410;4188;4454;;;;;4989;5004
Acer campestre;LINE_L1_Acer_campestre_1_chr1_OX940799.1_3294877_3305680;7200;;;70;501;505;630;;;1558;2232;3018;3824;4605;4859;5181;5543;;;7177;7200
Acer campestre;LINE_L1_Acer_campestre_2_chr1_OX940799.1_56590431_56599628;6972;;;79;489;493;618;;;1537;2217;2995;3801;4582;4836;5158;5520;;;6954;6972
Acer campestre;LINE_L1_Acer_campestre_3_chr1_OX940799.1_21481868_21492671;7206;;;100;510;514;639;;;1560;2240;3018;3824;4605;4859;5181;5543;;;7195;7206
Acer campestre;LINE_L1_Acer_campestre_4_chr1_OX940799.1_38867016_38876213;5700;;;119;529;533;658;;;1546;1947;2998;3801;4582;4818;5161;5523;;;5685;5700
Acer campestre;LINE_L1_Acer_campestre_5_chr2_OX940800.1_10644300_10655103;6208;;;125;556;560;691;;;1680;2360;3141;3944;4725;4979;5301;5663;;;6187;6208
Acer campestre;LINE_L1_Acer_campestre_6_chr2_OX940800.1_21204754_21213951;5768;;;124;534;538;663;;;1537;2211;2998;3801;4582;4827;5158;5520;;;5754;5768
Acer campestre;LINE_L1_Acer_campestre_7_chr2_OX940800.1_5863879_5874682;5664;;;77;487;491;616;;;1509;2174;2961;3764;4542;4796;5121;5483;;;5648;5664
Acer campestre;LINE_L1_Acer_campestre_8_chr2_OX940800.1_48286592_48297395;5740;;;102;512;516;641;;;1560;2240;3018;3824;4605;4859;5181;5543;;;5725;5740
Acer campestre;LINE_L1_Acer_campestre_9_chr3OX940801.1_11194142_11203354;5744;;;97;534;;;;;1522;2208;3013;3804;4573;4806;5264;5542;;;5728;5744
Acer campestre;LINE_L1_Acer_campestre_10_chr3_OX940801.1_28368024_28378815;5960;;;82;501;;;;;1586;2275;3075;3875;4632;4880;5310;5624;;;5923;5960
Solanum lycopersicum;LINE_RTE_Solanum_lycopersicum_chr3_NC_015440.3_43758271_43769068_1;4524;;;124;534;;;;;1065;1730;2541;3338;3855;4100;;;;;4507;4524
Solanum lycopersicum;LINE_L1_Solanum_lycopersicum_chr3_NC_015440.3_42582953_42593741;7008;;;107;247;;;;;1794;2459;3255;4040;4809;5060;5486;5788;;;6992;7008
Solanum lycopersicum;LINE_L1_Solanum_lycopersicum_chr3_NC_015440.3_57013982_57023191;6036;;;75;503;;;;;1673;2335;3121;3921;4676;4929;5302;5661;;;6026;6036
Solanum lycopersicum;LINE_RTE_Solanum_lycopersicum_chr3_NC_015440.3_10472846_10483643;4640;;;103;537;;;;;1062;1649;2541;3338;3864;4106;;;;;4629;4640
Acacia confusa;LINE_L1_Acacia_confusa_1_chr1_CM073502.1_8787358_8796552;5940;;;128;529;539;664;;;1795;2334;3235;4041;4819;5076;5416;5775;;;5927;5940
Acacia confusa;LINE_L1_Acacia_confusa_2_chr1_CM073502.1_14721524_14732318;5636;;;127;561;;;;;1444;2124;2904;3701;4482;4730;5042;5398;;;5618;5636
Acacia confusa;LINE_L1_Acacia_confusa_3_chr1_CM073502.1_42988501_42997698;5864;;;106;519;604;654;;;1592;2218;2998;3801;4261;4515;4967;5215;;;5831;5864
Acacia confusa;LINE_L1_Acacia_confusa_4_chr6_CM073507.1_11998550_12009356;5516;;;91;420;;;;;1371;2066;2844;3647;4422;4676;5004;5360;;;5499;5516
Acacia confusa;LINE_L1_Acacia_confusa_5_chr2_CM073503.1_18387476_18398273;5332;;;89;502;;;;;1451;2116;2907;3698;4255;4509;4848;5183;;;5319;5332
Acacia confusa;LINE_L1_Acacia_confusa_6_chr3_CM073504.1_9151071_9160265;5380;;;107;520;;;;;1489;2154;2944;3741;4297;4551;4888;5250;;;5368;5380
Acacia confusa;LINE_L1_Acacia_confusa_7_chr3_CM073504.1_44205593_44214787;5616;;;100;531;;;;;1477;2163;2935;3741;4516;4770;5110;5466;;;5601;5616
Acacia confusa;LINE_L1_Acacia_confusa_8_chr4_CM073505.1_39811066_39820269;5568;;;121;531;;;;;1431;2111;2884;3690;4471;4722;5035;5397;;;5548;5568
Acacia confusa;LINE_L1_Acacia_confusa_9_chr4_CM073505.1_10868521_10877715;5536;;;91;501;;;;;1414;2085;2875;3681;4453;4701;5032;5391;;;5526;5536
Acacia confusa;LINE_L1_Acacia_confusa_10_chr4_CM073505.1_40895306_40906112;6000;;;130;597;;;;;1816;2229;3261;4067;4842;5099;5438;5794;;;5986;6000
Acacia confusa;LINE_RTE_Acacia_confusa_11_chr2_CM073503.1_3203598_3214401;5096;;;98;532;536;664;;;1440;2114;2898;3704;4477;4734;;;;;5085;5096
Daucus carota;LINE_L1_Daucus_carota_NC_030381.2_35232720_35241914;5292;;;90;524;528;671;;;1190;1600;2635;3441;4219;4485;4804;5169;;;5275;5292
Daucus carota;LINE_L1_Daucus_carota_NC_030381.2_39155763_39165029;5528;;;92;529;596;679;;;1225;1653;2710;3411;4197;4460;4774;5136;;;5518;5528
Daucus carota;LINE_L1_Daucus_carota_3_NC_030381.2_19259290_19270096;5500;;;109;546;625;696;;;1245;1655;2841;3647;4424;4693;5012;5377;;;5484;5500
Daucus carota;LINE_L1_Daucus_carota_4_NC_030381.2_10089264_10100043;5416;;;110;547;627;695;;;1250;1669;2712;3500;4280;4549;4871;5233;;;5407;5416
Daucus carota;LINE_L1_Daucus_carota_5_NC_030381.2_30407495_30418301;5320;;;106;543;547;687;;;1215;1625;2661;3467;4245;4508;4833;5198;;;5305;5320
Daucus carota;LINE_L1_Daucus_carota_6_NC_030381.2_24577894_24588700;5316;;;76;513;517;663;;;1215;1625;2661;3467;4244;4513;4832;5197;;;5307;5316
Daucus carota;LINE_L1_Daucus_carota_7_NC_030381.2_9732341_9742946;5232;;;101;511;515;661;;;1136;1816;2579;2776;4161;4424;4746;5111;;;5222;5232
Daucus carota;LINE_L1_Daucus_carota_8_NC_030381.2_20879278_20888475;5300;;;90;500;504;644;;;1190;1873;2638;3441;4213;4377;4796;5164;;;2280;5300
Daucus carota;LINE_L1_Daucus_carota_9_NC_030381.2_51613690_51624493;5244;;;121;522;526;666;;;1152;1562;2598;3407;4179;4436;4749;5108;;;5221;5244
Daucus carota;LINE_L1_Daucus_carota_10_NC_030381.2_16984431_16993625;5728;;;86;511;533;652;;;1579;2253;3055;3861;4630;4902;5215;5580;;;5709;5728
Daucus carota;LINE_L1_Daucus_carota_11_NC_030381.2_16933562_16944368;6464;;;;;117;257;;;788;1183;3801;4607;5392;5655;5980;6342;;;6453;6464
Cannabis sativa;LINE_L1_Cannabis_sativa_1_chr1_CM046070.1_25240248_25249445;5288;;;107;514;521;664;;;1186;1866;2635;3444;4219;4488;4795;5160;;;5266;5288
Cannabis sativa;LINE_L1_Cannabis_sativa_2_chr1_CM046070.1_63414040_63423237;5312;;;122;529;536;682;;;1186;1866;2635;3444;4219;4488;4800;5165;;;5274;5312
Cannabis sativa;LINE_L1_Cannabis_sativa_3_chr1_CM046070.1_75333283_75344086;5364;;;88;498;517;648;;;1275;1955;2718;3527;4299;4568;4884;5228;;;5340;5364
Cannabis sativa;LINE_RTE_Cannabis_sativa_4_chr3_CM046072.1_39769792_39778998;5940;;;89;340;;;;;1954;2637;3427;4221;5038;5292;;;;;5925;5940
Cannabis sativa;LINE_RTE_Cannabis_sativa_5_chr3_CM046072.1_71162066_71172860;5772;;;115;309;;;;;1968;2648;3441;4235;5052;5306;;;;;5752;5772
Cannabis sativa;LINE_L1_Cannabis_sativa_6_chr3_CM046072.1_35682590_35691784;6672;;;98;439;476;628;;;1315;1983;2818;3621;5599;5871;6193;6552;;;6659;6672
Cannabis sativa;LINE_L1_Cannabis_sativa_7_chr4_CM046073.1_7190885_7200082;5664;;;98;505;512;658;;;1186;1851;2635;3444;4219;4488;4804;5169;;;5651;5664
Cannabis sativa;LINE_L1_Cannabis_sativa_8_chr4_CM046073.1_63324263_63335063;5972;;;115;513;553;687;;;1863;2543;3318;4115;4914;5168;5481;5831;;;5948;5972
Cannabis sativa;LINE_L1_Cannabis_sativa_9_chr5_CM046074.1_10670936_10680133;5580;;;80;493;497;667;;;1444;2130;2935;3741;4501;4779;5098;5463;;;5561;5580
Cannabis sativa;LINE_L1_Cannabis_sativa_10_chr5_CM046074.1_11563394_11572591;5644;;;134;526;530;661;;;1504;2190;2998;3801;4552;4833;5152;5514;;;5602;5644
Cannabis sativa;LINE_L1_Cannabis_sativa_11_chr6_CM046075.1_80748683_80757973;5312;;;93;503;557;655;;;1219;1890;2668;3375;4235;4507;4823;5188;;;5299;5312
Arabidopsis thaliana;LINE_L1_Arabidopsis_thaliana_1_CP096024.1_13397360_13406494;5256;;;128;433;;;;;1127;1531;2575;3381;4156;4431;4780;5145;;;5246;5256
Arabidopsis thaliana;LINE_L1_Arabidopsis_thaliana_2_CP096024.1_13015501_13026364;5708;;;90;500;;;;;1130;1555;2601;3404;4583;4864;5222;5605;;;5687;5708
Arabidopsis thaliana;LINE_RTE_Arabidopsis_thaliana_3_CP096024.1_10377841_10388701;5792;;;121;543;547;693;;;1506;1937;3015;3764;4538;4825;;;;;5773;5792
Arabidopsis thaliana;LINE_L1_Arabidopsis_thaliana_4_CP096024.1_12862881_12872018;5760;;;122;520;;;;;1423;2109;2887;3684;4456;4743;5125;5343;;;5749;5760
Arabidopsis thaliana;LINE_L1_Arabidopsis_thaliana_5_CP096024.1_23581473_23590625;5680;;;91;525;;;;;1489;2166;2944;3750;4534;4782;5125;5486;;;5663;5680
Arabidopsis thaliana;LINE_RTE_Arabidopsis_thaliana_6_CP096024.1_8947044_8956202;4980;;;119;550;;;;;1222;1920;2716;3510;4300;4551;;;;;4967;4980
Arabidopsis thaliana;LINE_RTE_Arabidopsis_thaliana_7_CP096024.1_11934344_11943493;4788;;;102;509;;;;;1310;1987;2830;3624;4138;4389;;;;;4775;4788
R. filiformis;LINE_L1_Rhynchospora_filiformis_1_52672565_52683398;5520;;;112;477;;;;;1035;1718;2592;3395;4167;4430;4740;5111;;;5509;5520
R. filiformis;LINE_L1_Rhynchospora_filiformis_2_30154397_30163609;5276;;;92;505;;;;;1183;1869;2641;3447;4210;4485;4783;5154;;;5263;5276
R. filiformis;LINE_L1_Rhynchospora_filiformis_4_55623757_55634485;5444;;;108;476;;;;;1866;2555;3319;4110;4876;5130;;;;;5434;5444
R. filiformis;LINE_RTE_Rhynchospora_filiformis_3_7609459_7618692;5352;;;103;393;;;;;984;1664;2472;3278;;;4626;4997;;;5341;5352
R. filiformis;LINE_RTE_Rhynchospora_filiformis_5_24778876_24788145;5724;;;135;506;;;;;2143;2826;3619;4410;5167;5421;;;;;5704;5724
R. filiformis;LINE_RTE_Rhynchospo_filiforms_6_31352516_31361785;5340;;;119;436;;;;;1414;2082;2884;3684;4459;4695;;;;;5326;5340
R.holoschoenoides;LINE_L1_Rhynchospora_holoschoenoides_1_66662286_66673086;5376;;;97;510;;;;;1074;1757;2541;3341;4110;4373;4695;5066;;;5360;5376
R.holoschoenoides;LINE_L1_Rhynchospora_holoschoenoides_2_28636782_28647579;5304;;;77;367;;;;;1104;1700;2472;3278;4092;4319;4611;4988;;;5288;5304
R.holoschoenoides;LINE_L1_Rhynchospora_holoschoenoides_3_47966016_47976813;5116;;;76;441;;;;;1017;1703;2472;3278;4041;4322;4620;4988;;;5100;5116
R.holoschoenoides;LINE_L1_Rhynchospora_holoschoenoides_4_18767661_18776861;5660;;;125;538;;;;;1414;2091;2875;3681;4465;4728;5041;5412;;;5647;5660
R.holoschoenoides;LINE_L1_Rhynchospora_holoschoenoides_5_3274923_3284126;5244;;;104;460;464;607;;;946;1620;2395;3201;3970;4230;4534;4920;;;5233;5244
R.holoschoenoides;LINE_L1_Rhynchospora_holoschoenoides_6_5945669_5954872;5216;;;113;478;;;;;1117;1806;2575;3381;4144;4422;4720;5091;;;5194;5216
R.holoschoenoides;LINE_L1_Rhynchospora_holoschoenoides_7_27828430_27839230;5616;;;139;498;;;;;1386;2063;2832;3632;4407;4676;4977;5345;;;5592;5616
R.holoschoenoides;LINE_L1_Rhynchospora_holoschoenoides_8_28614329_28625126;5284;;;106;423;484;627;;;951;1364;2412;3218;3987;4256;4596;4979;;;5284;5273
R.holoschoenoides;LINE_L1_Rhynchospora_holoschoenoides_9_20558951_20569748;5224;;;91;510;;;;;1134;1823;2592;3398;4161;4436;4731;5099;;;5203;5224
R.holoschoenoides;LINE_L1_Rhynchospora_holoschoenoides_10_27262696_27271899;5244;;;116;481;;;;;1117;1806;2575;3381;4144;4422;4720;5085;;;5191;5244
R.holoschoenoides;LINE_L1_Rhynchospora_holoschoenoides_11_7073217_7084017;5764;;;75;509;;;;;1611;1934;2712;3521;4293;4556;4857;5231;;;5736;5764
R. pubera;LINE_RTE_Rynchospora_pubera_1_337059081_337069914;5432;;;118;489;;;;;1056;1736;2532;3335;4107;4352;;;;;5419;5432
R. pubera;LINE_L1_Rynchospora_pubera_2_54926534_54937367;5548;;;115;477;;;;;1059;1736;2589;3395;4167;4421;4749;5123;;;5532;5548
R. pubera;LINE_L1_Rynchospora_pubera_3_250353880_250363086;5392;;;101;463;;;;;1051;1731;2515;3321;4150;4365;4666;5037;;;5375;5392
R. pubera;LINE_L1_Rynchospora_pubera_4_7162922_7172125;5372;;;106;468;;;;;1048;1728;2512;3321;4168;4362;4663;5037;;;5362;5372
R. pubera;LINE_L1_Rynchospora_pubera_5_242309029_242319823;5180;;;103;471;;;;;1023;1451;2289;3095;3865;4110;4435;4809;;;5164;5180
R. pubera;LINE_L1_Rynchospora_pubera_5_282486402_282495608;5476;;;77;439;;;;;1075;1764;2575;3381;4153;4425;4738;5109;;;5465;5476
R. pubera;LINE_RTE_Rynchospora_pubera_6_357261197_357270403;4956;;;124;381;;;;;1017;1706;2515;3321;4093;4365;;;;;4943;4956
R. pubera;LINE_L1_Rynchospora_pubera_7_234260961_234270167;5384;;;116;496;;;;;1027;1704;2515;3321;4093;4347;4660;5040;;;5372;5384
R. pubera;LINE_L1_Rynchospora_pubera_8_282504487_282513693;5388;;;116;496;;;;;1027;1704;2515;3321;4093;4347;4660;5040;;;5371;5388
R. pubera;LINE_L1_Rynchospora_pubera_9_164660456_164671250;5400;;;130;510;;;;;1041;1718;2529;3335;4107;4361;4674;5054;;;5386;5400
R. pubera;LINE_L1_Rynchospora_pubera_10_310730322_310741116;5880;;;74;445;;;;;1030;1707;2712;3515;4287;4550;4858;5232;;;5866;5880
R. tenerrima;LINE_L1_Rynchospora_tenerrima_1_HiC_47868283_47877525;5404;;;110;472;;;;;1036;1716;2515;3321;4093;4311;4664;5035;;;5388;5404
R. tenerrima;LINE_L1_Rynchospora_tenerrima_2_HiC_30621413_30630610;5368;;;110;523;;;;;1297;1974;2746;3552;4312;4578;4870;5238;;;5350;5368
R. tenerrima;LINE_L1_Rynchospora_tenerrima_3_HiC_20221357_20230590;5372;;;86;340;;;;;970;1647;2455;3261;4032;4301;4608;4952;;;5356;5372
R. tenerrima;LINE_L1_Rynchospora_tenerrima_4_HiC_35388985_35398326;5388;;;128;424;;;;;1015;1695;2503;3309;4081;4350;4654;5028;;;5368;5388
R. tenerrima;LINE_L1_Rynchospora_tenerrima_5_HiC_33112858_33123598;5400;;;96;446;;;;;819;1499;2300;3112;3881;4159;4454;4828;;;5386;5400
R. tenerrima;LINE_L1_Rynchospora_tenerrima_6_HiC_34509960_34520757;5476;;;124;492;;;;;1089;1769;2553;3359;4131;4385;4704;5072;;;5459;5476
R. tenerrima;LINE_RTE_Rynchospora_tenerrima_7_HiC_44462565_44471798;5356;;;113;367;;;;;970;1647;2455;3261;4033;4302;;;;;5346;5356
R. tenerrima;LINE_L1_Rynchospora_tenerrima_8_HiC_30617413_30629709;5364;;;109;522;;;;;1296;1973;2745;3551;4311;4577;4869;5237;;;5346;5364
R. tenerrima;LINE_L1_Rynchospora_tenerrima_9_HiC_9793360_9804172;5252;;;72;374;;;;;1191;1880;2649;3455;4218;4493;4763;5137;;;5237;5252
R. tenerrima;LINE_RTE_Rynchospora_tenerrima_10_HiC_9364574_9379368;7312;;;89;454;;;;;3570;4253;5072;5875;6647;6904;;;;;7300;7312
R. breviuscula;LINE_RTE_Rhynchospora_breviuscula_Chr1_1_81694359_81703619;4756;;;;;;;;;70;786;1612;2361;;;;;3164;3200;4744;4756
R. breviuscula;LINE_RTE_Rhynchospora_breviuscula_Chr1_2_29372673_29383413;5032;;;;;;;;;90;806;1632;2381;;;;;3196;3216;5011;5032
R. breviuscula;LINE_RTE_Rhynchospora_breviuscula_Chr1_3_4138287_4147547;4224;;;;;;;;;129;845;1672;2421;;;;;3248;3268;4211;4224
R. breviuscula;LINE_RTE_Rhynchospora_breviuscula_4;3564;;;;;;;;;109;825;1652;2401;;;;;3228;3248;3550;3564
R. breviuscula;LINE_RTE_Rhynchospora_breviuscula_5;3848;;;;;;;;;110;826;1652;2401;;;;;3204;3236;3835;3848
R. breviuscula;LINE_RTE_Rhynchospora_breviuscula_6;3396;;;;;;;;;110;826;1652;2401;;;;;3224;3244;3385;3396
R. breviuscula;LINE_RTE_Rhynchospora_breviuscula_7;3312;;;;;;;;;110;826;1658;2401;;;;;3216;3236;3298;3312
R ridley;LINE_L1_Rhynchospora_ridley_1_81312061_81321261;5596;;;104;472;;;;;1222;1911;2695;3495;4270;4542;4831;5175;;;5581;5596
R ridley;LINE_L1_Rhynchospora_ridley_2_79348463_79359263;5552;;;64;432;;;;;1182;1871;2655;3455;4230;4502;4791;5135;;;5542;5552
R ridley;LINE_L1_Rhynchospora_ridley_3_83705756_83716478;5484;;;127;429;;;;;1122;1799;2592;3398;4170;4442;4746;5114;;;5472;5484
R ridley;LINE_L1_Rhynchospora_ridley_4_61329509_61340312;5568;;;121;492;;;;;1122;1790;2595;3398;;;4743;5123;;;5556;5568
R ridley;LINE_L1_Rhynchospora_ridley_5_6915127_6924339;5404;;;83;436;;;;;1012;1701;2524;3330;4102;4371;4672;5052;;;5388;5404
R ridley;LINE_L1_Rhynchospora_ridley_6_14588853_14598134;5520;;;100;438;;;;;1047;1721;2533;3339;4108;4380;4684;5061;;;5507;5520
R ridley;LINE_L1_Rhynchospora_ridley_7_2996737_3007459;5420;;;124;504;;;;;1077;1757;2592;3398;4173;4439;4746;5123;;;5408;5420
R ridley;LINE_L1_Rhynchospora_ridley_8_5743393_5754115;5424;;;124;504;;;;;1077;1757;2592;3398;4173;4439;4746;5123;;;5410;5424
R ridley;LINE_L1_Rhynchospora_ridley_9_1796484_1805696;5555;;;83;454;;;;;1048;1725;2524;3330;4102;4374;4669;5046;;;5540;5555
R ridley;LINE_L1_Rhynchospora_ridley_10_26813925_26823125;5196;;;80;502;584;652;;;1120;1797;2572;3381;4144;4407;4696;5061;;;5180;5196
R ridley;LINE_RTE_Rhynchospora_ridley_11;5720;;;117;422;;;;;1553;2233;3032;3832;4604;4840;;;;;5700;5720
R ridley;LINE_RTE_Rhynchospora_ridley_12;5428;;;75;440;;;;;1433;2113;2912;3712;4475;4711;;;;;5407;5428
R ridley;LINE_RTE_Rhynchospora_ridley_13;5436;;;87;422;;;;;1490;2173;2972;3772;4541;4774;;;;;5423;5436
R ridley;LINE_RTE_Rhynchospora_ridley_14;6136;;;75;440;;;;;1433;2113;2912;3712;4475;4711;;;;;6114;6136
R. gaudichaudii;LINE_L1_Rhynchospora_gaudichaudii_1;5508;;;113;475;;;;;1039;1719;2530;3336;4108;4389;4699;5073;;;5490;5508
R. gaudichaudii;LINE_L1_Rhynchospora_gaudichaudii_2;5784;;;89;520;;;;;1318;1731;2773;3579;4423;4614;4930;5289;;;5769;5784
R. gaudichaudii;LINE_L1_Rhynchospora_gaudichaudii_3;5884;;;118;477;;;;;1035;1715;2529;3332;4104;4376;4683;4997;;;5884;5857
R. gaudichaudii;LINE_L1_Rhynchospora_gaudichaudii_4;5404;;;119;403;;;;;982;1659;2473;3276;4048;4317;4621;4995;;;5384;5404
R. gaudichaudii;LINE_L1_Rhynchospora_gaudichaudii_5;5376;;;101;343;;;;;970;1647;2458;3252;4036;4296;4594;4965;;;5356;5376
R. gaudichaudii;LINE_L1_Rhynchospora_gaudichaudii_6;5580;;;121;468;;;;;1116;1787;2589;3392;4167;4445;4734;4973;;;5580;5561
R. gaudichaudii;LINE_L1_Rhynchospora_gaudichaudii_7;5412;;;94;462;;;;;1050;1754;2562;3347;4119;4391;4698;5072;;;5400;5412
R. gaudichaudii;LINE_L1_Rhynchospora_gaudichaudii_8;5328;;;112;462;532;669;;;1002;1691;2466;3269;4035;4304;4605;4988;;;5307;5328
R austrobrasiliensis;LINE_RTE_Rhynchospora_austrobrasiliensis_1;5644;;;71;487;;;;;1684;2349;3086;3886;4655;4903;;;;;5630;5644
R austrobrasiliensis;LINE_RTE_Rhynchospora_austrobrasiliensis_2;5700;;;127;543;;;;;1740;2405;3142;3942;4711;4959;;;;;5686;5700
R austrobrasiliensis;LINE_L1_Rhynchospora_austrobrasiliensis_3;6448;;;113;526;;;;;1129;1809;2605;3417;4186;4446;4744;5124;;;6438;6448
Gimnospermas;;;;;;;;;;;;;;;;;;;;;;
T. chinensis;LINE_L1_Taxus_chinensis_1_CM034146.1_582709586_582719179;6136;;;77;490;;;;;1788;2483;3294;4082;4884;5126;5526;5888;;;6129;6136
T. chinensis;LINE_L1_Taxus_chinensis_2_CM034146.1_774282365_774290263;6164;;;117;539;;;;;1582;2214;3088;3846;4679;4930;5330;5692;;;6153;6164
T. chinensis;LINE_L1_Taxus_chinensis_3_CM034146.1_127749469_127757367;6228;;;84;488;;;;;1549;2244;3059;3847;4649;4900;5291;5653;;;6218;6228
T. chinensis;LINE_L1_Taxus_chinensis_4_CM034146.1_257880202_257888100;6356;;;84;488;;;;;1575;2270;3081;3869;4670;4921;5321;5683;;;6347;6356
T. chinensis;LINE_L1_Taxus_chinensis_5_CM034146.1_904028176_904036071;6148;;;117;548;;;;;1572;2267;3080;3868;4672;4923;5323;5688;;;6137;6148
T. chinensis;LINE_L1_Taxus_chinensis_6_CM034146.1_33979076_33986971;6160;;;117;539;;;;;1807;2271;3130;3870;4672;4923;5323;5685;;;6152;6160
T. chinensis;LINE_L1_Taxus_chinensis_7_CM034146.1_634751297_634759186;6044;;;117;548;;;;;1809;2504;3316;4104;4906;5157;5551;5910;;;6034;6044
T. chinensis;LINE_L1_Taxus_chinensis_8_CM034146.1_300552042_300559931;6512;;;117;533;;;;;1589;2284;3096;3884;4688;4939;5339;5701;;;6505;6512
T. chinensis;LINE_L1_Taxus_chinensis_9_CM034146.1_158070736_158078598;6156;;;81;512;;;;;1808;2503;3314;4102;4904;5155;5546;5908;;;6149;6156
T. chinensis;LINE_L1_Taxus_chinensis_10_CM034146.1_545032514_545040376;5968;;;81;503;;;;;1544;2239;3051;3839;4642;4893;5292;5654;;;5958;5968
T. chinensis;LINE_L1_Taxus_chinensis_11_CM034146.1_833478251_833486113;6004;;;81;512;;;;;1770;2465;3276;4064;4866;5117;5508;5870;;;5994;6004
Cupressus sempervirens;LINE_L1_Cupressus_sempervirens_1_chr1_CM053783.1_113191804_113202643;5604;;;85;492;;;;;1272;1883;2784;3572;4404;4664;5082;5450;;;5591;5604
Cupressus sempervirens;LINE_L1_Cupressus_sempervirens_2_chr1_CM053783.1_624074607_624085374;5644;;;88;495;;;;;1275;1904;2778;3515;4395;4655;5073;5441;;;5633;5644
Cupressus sempervirens;LINE_L1_Cupressus_sempervirens_3_chr1_CM053783.1_119439834_119450682;5660;;;88;495;;;;;1275;1973;2778;3575;4407;4667;5085;5453;;;5645;5660
Cupressus sempervirens;LINE_L1_Cupressus_sempervirens_4_chr1_CM053783.1_241870523_241881371;6108;;;94;501;;;;;1275;1952;2781;3575;4407;4667;5085;5411;;;6097;6108
Cupressus sempervirens;LINE_L1_Cupressus_sempervirens_5_chr1_CM053783.1_771107394_771116546;6312;;;113;547;;;;;1327;2004;2830;3627;4458;4718;5136;5504;;;6303;6312
Cupressus sempervirens;LINE_L1_Cupressus_sempervirens_6_chr1_CM053783.1_119917322_119926525;5636;;;71;478;;;;;1258;1935;2761;3558;4390;4650;5068;5436;;;5626;5636
Cupressus sempervirens;LINE_L1_Cupressus_sempervirens_7_chr1_CM053783.1_14408184_14417336;6308;;;86;493;;;;;1267;1893;2773;3567;4399;4659;5077;5445;;;6294;6308
Cupressus sempervirens;LINE_L1_Cupressus_sempervirens_8_chr2_CM053784.1_624728851_624738249;5716;;;119;553;;;;;1333;2031;2836;3429;4466;4726;5144;5506;;;5704;5716
Cupressus sempervirens;LINE_L1_Cupressus_sempervirens_9_chr2_CM053784.1_21338324_21347530;6332;;;115;516;;;;;1399;2082;2887;3681;4458;4706;5070;5429;;;6323;6332
Cupressus sempervirens;LINE_L1_Cupressus_sempervirens_10_chr2_CM053784.1_319628982_319638134;6832;;;116;550;;;;;1327;2004;2833;3627;4459;4719;5137;5505;;;6818;6832
Cupressus sempervirens;LINE_L1_Cupressus_sempervirens_11_chr1_CM053783.1_118409834_118420631;5788;;;111;443;;;;;1275;1973;2781;3575;4407;4667;5084;5452;;;5776;5788
Pinus tabuliformis;RT_LINE_L1_Pinus_tabuliformis_1_chr1_CM062806.1;6444;;;124;444;;;;;1275;1970;2778;3575;4442;4654;5069;5452;;;6433;6444
Pinus tabuliformis;RT_LINE_L1_Pinus_tabuliformis_2_chr1_CM062806.1;5856;;;122;526;;;;;1357;2055;2860;3606;4541;4726;5150;5533;;;5845;5856
Pinus tabuliformis;RT_LINE_L1_Pinus_tabuliformis_3_chr1_CM062806.1;6468;;;89;493;587;637;;;1327;2025;2830;3627;4513;4698;5122;5505;;;6455;6468
Pinus tabuliformis;RT_LINE_L1_Pinus_tabuliformis_4_chr1_CM062806.1;6524;;;79;483;;;;;1267;1944;2770;3567;4453;4647;5062;5445;;;6507;6524
Pinus tabuliformis;RT_LINE_L1_Pinus_tabuliformis_5_chr1_CM062806.1;6260;;;77;439;533;583;;;1272;1970;2773;3570;4469;4630;5045;5428;;;6249;6260
Pinus tabuliformis;RT_LINE_L1_Pinus_tabuliformis_6_chr1_CM062806.1;6680;;;97;501;;;;;1344;2033;2838;3635;4503;4706;5129;5506;;;6667;6680
Pinus tabuliformis;RT_LINE_L1_Pinus_tabuliformis_7_chr1_CM062806.1;7016;;;76;483;;;;;1335;2012;2841;3635;4512;4715;5121;5513;;;7005;7016
Pinus tabuliformis;RT_LINE_L1_Pinus_tabuliformis_8_chr1_so1_CM062806.1;6104;;;120;392;;;;;1244;1921;2749;3543;4414;4617;5035;5421;;;6193;6104
Pinus tabuliformis;LINE_L1_Pinus_tabuliformis_9_chr1_CM062806.1_794153346_794164194;6388;;;115;525;;;;;1335;2033;2838;3635;4512;4697;5121;5504;;;6373;6388
Pinus tabuliformis;RT_LINE_L1_Pinus_tabuliformis_10_chr1_CM062806.1;6780;;;103;504;;;;;1338;2033;2838;3635;4518;4712;5127;5510;;;6765;6780
Cryptomeria japonica;RT_LINE_L1_Cryptomeria_japonica_1_chr3_NC_081407.1;7428;;;107;496;;;;;1357;2052;2854;3588;4467;4715;5142;5519;;;7403;7428
Cryptomeria japonica;RT_LINE_L1_Cryptomeria_japonica_2_CHR3_NC_081407.1;7672;;;86;403;;;;;1336;2031;2833;3627;4450;4710;5125;5502;;;7650;7672
Cryptomeria japonica;RT_LINE_L1_Cryptomeria_japonica_3_chr3_NC_081407.1;7392;;;94;411;;;;;1344;2039;2841;3635;4458;4718;5133;5510;;;7382;7392
Cryptomeria japonica;RT_LINE_L1_Cryptomeria_japonica_4_chr3_NC_081407.1;7700;;;94;429;;;;;1344;2039;2841;3635;4458;4718;5133;5507;;;7689;7700
Cryptomeria japonica;RT_LINE_L1_Cryptomeria_japonica_5_chr3_NC_081407.1;5504;;;97;447;;;;;1095;1772;2601;3395;4227;4478;4905;5273;;;5493;5504
Cryptomeria japonica;RT_LINE_L1_Cryptomeria_japonica_6_chr5_NC_081409.1;7380;;;94;432;;;;;1344;2039;2841;3635;4458;4718;5133;5510;;;7363;7380
Cryptomeria japonica;RT_LINE_L1_Cryptomeria_japonica_7_chr5_NC_081409.1;7488;;;100;489;;;;;1344;2039;2841;3635;4458;4718;5133;5510;;;7474;7488
Cryptomeria japonica;RT_LINE_L1_Cryptomeria_japonica_8_chr5_NC_081409.1;7628;;;86;421;;;;;1336;2031;2833;3627;4450;4710;5125;5502;;;7605;7628
Cryptomeria japonica;RT_LINE_L1_Cryptomeria_japonica_9_chr5_NC_081409.1;5728;;;125;535;;;;;1327;2004;2830;3627;4459;4719;5137;5505;;;5715;5728
Cryptomeria japonica;RT_LINE_L1_Cryptomeria_japonica_10_chr5_NC_081409.1;7300;;;71;472;;;;;1650;2351;3157;3948;4838;5032;5432;5812;;;7289;7300
Sequoiadendron giganteum;LINE_L1_Sequoiadendron_giganteum_1_chr11_CM021110.1_3752935_3762087;5668;;;89;493;;;;;1268;1966;2773;3567;4399;4659;5077;5439;;;5654;5668
Sequoiadendron giganteum;LINE_L1_Sequoiadendron_giganteum_2_chr11_CM021110.1_291047150_291057905;5840;;;88;495;;;;;1275;1901;2781;3515;4405;4665;5083;5451;;;5827;5840
Sequoiadendron giganteum;LINE_L1_Sequoiadendron_giganteum_3_chr11_CM021110.1_39828737_39837943;5740;;;117;461;;;;;1321;1998;2824;3621;4454;4714;5132;5500;;;5721;5740
Sequoiadendron giganteum;LINE_L1_Sequoiadendron_giganteum_4_chr11_CM021110.1_352477736_352488581;6520;;;109;549;;;;;1167;1841;2658;3452;4272;4526;4931;5293;;;6506;6520
Sequoiadendron giganteum;LINE_L1_Sequoiadendron_giganteum_5_chr11_CM021110.1_352074717_352085565;6504;;;85;492;;;;;1275;1973;2778;3575;4407;4667;5085;5453;;;6483;6504
Sequoiadendron giganteum;LINE_L1_Sequoiadendron_giganteum_6_chr1_CM021110.1_43612857_43622009;6944;;;87;470;;;;;1681;2364;3193;3987;4818;5048;5475;5840;;;6932;6944
Sequoiadendron giganteum;LINE_L1_Sequoiadendron_giganteum_7_chr11_CM021110.1_362983061_362992213;5428;;;107;490;;;;;1225;1839;2710;3507;4324;4572;4981;5343;;;5416;5428
Sequoiadendron giganteum;LINE_L1_Sequoiadendron_giganteum_8_chr11_CM021110.1_308804160_308815005;7696;;;101;535;;;;;1533;2147;3030;3815;4601;4852;5267;5626;;;7684;7696
Sequoiadendron giganteum;LINE_L1_Sequoiadendron_giganteum_9_chr11_CM021110.1_154367315_154378163;7104;;;94;501;;;;;1221;1901;2658;3443;4275;4520;4923;5285;;;7088;7104
Sequoiadendron giganteum;LINE_L1_Sequoiadendron_giganteum_10_chr11_CM021110.1_118061180_118070332;7120;;;115;513;;;;;1275;1895;2757;3554;4371;4619;5025;5384;;;7110;7120
PTERIDÓFITA;;;;;;;;;;;;;;;;;;;;;;
Ceratopteris richardii;LINE_RTE_Ceratopteris_richardii_1_CM035406.1_102749068_102758292;6252;;;122;268;;;;;2351;3040;3847;4641;5586;5771;;;;;6241;6252
Ceratopteris richardii;LINE_L1_Ceratopteris_richardii_2_CM035406.1_84881045_84890269;6140;;;98;445;;;;;1285;1980;2767;3561;4516;4701;5603;6001;;;6134;6140
Ceratopteris richardii;LINE_RTE_Ceratopteris_richardii_3_CM035406.1_124265954_124275280;5200;;;139;480;;;;;1328;2023;2809;3603;4558;4740;;;;;5191;5200
Ceratopteris richardii;LINE_RTE_Ceratopteris_richardii_4_CM035406.1_147403111_147413785;5384;;;131;472;;;;;1342;1953;2823;3617;4604;4756;;;;;5369;5384
Ceratopteris richardii;LINE_RTE_Ceratopteris_richardii_5_CM035406.1_136254694_136264020;5208;;;103;477;;;;;1327;2022;2809;3603;4519;4743;;;;;5194;5208
Ceratopteris richardii;LINE_L1_Ceratopteris_richardii_6_CM035406.1_41861126_41870452;6304;;;106;480;;;;;1327;2022;2809;3603;4519;4725;5742;6059;;;6297;6304
Ceratopteris richardii;LINE_L1_Ceratopteris_richardii_7_CM035406.1_252820095_252829526;6488;;;110;334;;;;;1192;1887;2674;3468;4423;4605;5928;6293;;;6476;6488
Ceratopteris richardii;LINE_L1_Ceratopteris_richardii_8_CM035406.1_19072534_19083310;7536;;;102;479;654;698;;;1325;2020;2826;3617;4603;4785;6783;7190;;;7529;7536
Ceratopteris richardii;LINE_RTE_Ceratopteris_richardii_9_CM035406.1_175147228_175156452;5236;;;126;491;;;;;1354;2037;2827;3621;4574;4759;;;;;5229;5236
Ceratopteris richardii;LINE_RTE_Ceratopteris_richardii_10_CM035406.1_225890334_225901005;5220;;;115;489;;;;;1338;2033;2820;3614;4570;4752;;;;;5205;5220
Ceratopteris richardii;LINE_L1_Ceratopteris_richardii_11_CM035406.1_22790152_22800826;5460;;;106;351;;;;;1589;1984;2763;3557;4545;4697;4817;5008;;;5454;5460
Adiantum capillus-veneris;LINE_RTE_Adiantum_capillus-veneris_1_CM043947.1_87795374_87807162;6478;;;112;459;;;;;1821;2561;3394;4175;5453;5632;;;;;6469;6478
Adiantum capillus-veneris;LINE_RTE_Adiantum_capillus-veneris_2_CM043947.1_64832437_64844222;6436;;;145;504;;;;;1940;2689;3501;4286;;;;;;;6422;6436
Adiantum capillus-veneris;LINE_RTE_Adiantum_capillus-veneris_3_CM043947.1_60685759_60695971;6348;;;77;436;;;;;1854;2603;3413;4198;;;;;;;6337;6348
Adiantum capillus-veneris;LINE_RTE_Adiantum_capillus-veneris_4_CM043947.1_30793396_30805184;6044;;;104;463;;;648;893;1881;2630;3441;4226;5199;5390;;;;;6029;6044
Adiantum capillus-veneris;LINE_RTE_Adiantum_capillus-veneris_5_CM043947.1_15318647_15328859;6416;;;113;385;;;;;1913;2662;3473;4258;5564;5755;;;;;6394;6416
Adiantum capillus-veneris;LINE_RTE_Adiantum_capillus-veneris_6_CM043947.1_166991307_167001519;6408;;;84;443;;;;;1864;2613;3473;4258;5564;5755;;;;;6394;6408
Adiantum capillus-veneris;LINE_RTE_Adiantum_capillus-veneris_7_CM043947.1_61376511_61386723;6516;;;90;434;;;;;1780;2520;3343;4134;5460;5645;;;;;6502;6516
Adiantum capillus-veneris;LINE_RTE_Adiantum_capillus-veneris_8_CM043947.1_122629475_122641260;6376;;;95;454;;;;;1867;2616;3441;4226;5532;5723;;;;;6364;6376
Adiantum capillus-veneris;LINE_RTE_Adiantum_capillus-veneris_9_CM043947.1_148852393_148864181;6372;;;110;469;;;;;1892;2452;3441;4226;5530;5721;;;;;6360;6372
Adiantum capillus-veneris;LINE_RTE_Adiantum_capillus-veneris_10_CM043947.1_101219408_101229623;6356;;;88;447;;;;;1860;2606;3416;4201;5501;5698;;;;;6337;6356
Adiantum capillus-veneris;LINE_RTE_Adiantum_capillus-veneris_11_CM043947.1_2778338_2790123;6436;;;129;488;;;;;1941;2690;3501;4286;5592;5783;;;;;6423;6436
BRIÓFITAS;;;;;;;;;;;;;;;;;;;;;;
Marchantia polymorpha;LINE_RTE_Marchantia_polymorpha_chr1_AP031351.1_8312316_8321531;5472;;;104;409;;;;;1888;2538;3388;4158;5165;5356;;;;;5463;5472
Isothecium myosuroides;LINE_RTE_Isothecium_myosuroides_1_OX637296.1_8981560_8990327;6512;;;76;459;;;;;2075;2830;3620;4417;;;;;;;6502;6512
Isothecium myosuroides;LINE_RTE_Isothecium_myosuroides_4_OX637296.1_8981560_8990327;6512;;;76;459;;;;;2075;2830;3620;4417;;;;;;;6501;6512
Antitrichia curtipendula;LINE_RTE_Antitrichia_curtipendula_1_OX579633.1_53446268_53455483;7708;;;129;485;;;;;2341;3096;3916;4707;5887;6171;;;;;7697;7708
Antitrichia curtipendula;LINE_RTE_Antitrichia_curtipendula_2_OX579633.1_13986635_13995853;6760;;;97;483;;;;;2409;3179;3982;4761;6067;6258;;;;;6749;6760
Antitrichia curtipendula;LINE_RTE_Antitrichia_curtipendula_3_OX579633.1_26345959_26356738;8000;;;84;470;;;;;2403;3164;3978;4760;6066;6257;;;;;7983;8000
Antitrichia curtipendula;LINE_RTE_Antitrichia_curtipendula_4_OX579633.1_8760589_8771380;6532;;;103;483;;;;;1899;2552;3438;4241;5535;5729;;;;;6513;6532
Antitrichia curtipendula;LINE_RTE_Antitrichia_curtipendula_5_OX579633.1_1380510_1391271;6688;;;112;495;;;;;2190;2945;3744;4544;5853;6050;;;;;6652;6688
Antitrichia curtipendula;LINE_RTE_Antitrichia_curtipendula_6_OX579633.1_4918561_4929349;6128;;;115;486;;;;;2187;2942;3741;4538;;;;;;;6118;6128
Antitrichia curtipendula;LINE_RTE_Antitrichia_curtipendula_7_OX579633.1_43748771_43759478;7160;;;115;471;;;;;2388;3149;3948;4664;;;;;;;7134;7160
Antitrichia curtipendula;LINE_RTE_Antitrichia_curtipendula_8_OX579633.1_15509051_15518290;6712;;;107;475;;;;;2209;2964;3763;4563;;;;;;;6699;6712
Antitrichia curtipendula;LINE_RTE_Antitrichia_curtipendula_9_OX579633.1_28357759_28366977;6580;;;92;454;;;;;2125;2880;3679;4479;;;;;;;6571;6580
Antitrichia curtipendula;LINE_RTE_Antitrichia_curtipendula_10_OX579633.1_49021398_49030610;6596;;;96;458;;;;;2209;2940;3736;4530;;;;;;;6574;6596
Sphagnum fallax;LINE_RTE_Sphagnum_fallax_1_CM038194.1_4912596_4921811;6492;;;78;449;;;;;2041;2796;3625;4407;5608;5904;;;;;6432;6422
Sphagnum fallax;LINE_RTE_Sphagnum_fallax_2_CM038194.1_1011151_1021936;6572;;;70;435;;;;;2046;2801;3621;4412;5732;5893;;;;;6563;6572
Sphagnum magellanicum;LINE_RTE_Sphagnum_magellanicum_1_LG01_CM038907.1_23135134_23144349;6356;;;78;353;;;;;1774;2535;3356;4147;5467;5646;;;;;6347;6356
Sphagnum magellanicum;LINE_RTE_Sphagnum_magellanicum_2_LG07_CM038913.1_2319980_2328198;5300;;;112;519;;;;;2255;2917;3745;4527;;;;;;;5288;5300
Sphagnum magellanicum;LINE_RTE_Sphagnum_magellanicum_3_LG08_CM038914.1_20828333_20838977;6860;;;71;433;;;;;2874;3629;4461;5114;6573;6749;;;;;6850;6860
Sphagnum magellanicum;LINE_RTE_Sphagnum_magellanicum_4_LG09_CM038915.1_600878_611654;5528;;;69;455;;;;;2217;2972;3792;4583;;;;;;;5517;5528
Sphagnum magellanicum;LINE_RTE_Sphagnum_magellanicum_5_LG10_CM038916.1_1070368_1079583;4528;;;99;494;;;;;2101;2856;3676;4467;;;;;;;4518;4528
Sphagnum magellanicum;LINE_RTE_Sphagnum_magellanicum_6_LG10_CM038916.1_3674905_3685690;7656;;;127;402;;;;;2166;2921;3741;4532;5736;6032;;;;;7638;7656
Sphagnum magellanicum;LINE_RTE_Sphagnum_magellanicum_7_LG10_CM038916.1_8037029_8047586;4764;;;77;463;;;;;2130;2858;3741;4274;;;;;;;4755;4764
Straminergon stramineum;LINE_RTE_Straminergon_stramineum_1_OY987263.1_23249501_23258806;5424;;;99;488;;;;;1976;2629;3523;4326;;;;;;;5411;5424
Straminergon stramineum;LINE_RTE_Straminergon_stramineum_2_OY987263.1_13665742_13674957;6704;;;70;411;;;;;2631;3386;4216;5007;6298;6477;;;;;6694;6704
Straminergon stramineum;LINE_RTE_Straminergon_stramineum_3_OY987263.1_29708710_29718015;6708;;;92;451;;;;;2214;2957;3772;4455;;;;;;;6682;6708
Straminergon stramineum;LINE_RTE_Straminergon_stramineum_4_OY987263.1_27549537_27558746;5452;;;123;530;;;;;1999;2742;3550;4350;;;;;;;5442;5452
Thuidium tamariscinum;LINE_RTE_Thuidium_tamariscinum_1_chr2_OX344750.2_31242339_31253112;7039;;;128;478;;;;;2388;3140;3966;4754;5967;6224;;;;;7020;7039
Thuidium tamariscinum;LINE_RTE_Thuidium_tamariscinum_2_chr2_OX344750.2_42346086_42356856;6392;;;89;469;;;;;1867;2622;3417;4220;5517;5708;;;;;6378;6392
Thuidium tamariscinum;LINE_RTE_Thuidium_tamariscinum_3_chr3_OX344751.2_12850170_12859376;6896;;;115;507;;;;;2123;2869;3970;4770;6079;6273;;;;;6883;6896
Thuidium tamariscinum;LINE_RTE_Thuidium_tamariscinum_4_chr3_OX344751.2_21215761_21224967;6512;;;113;493;;;;;2008;2751;3547;4350;5647;5838;;;6388;6428;6499;6512
Thuidium tamariscinum;LINE_RTE_Thuidium_tamariscinum_5_chr4_OX344752.2_5388069_5398842;6664;;;115;513;;;;;2172;2927;3720;4523;5832;6026;;;;;6640;6664
Thuidium tamariscinum;LINE_RTE_Thuidium_tamariscinum_6_chr6_OX344754.2_9185948_9196742;6540;;;99;494;;;;;2010;2765;3561;4364;5661;5855;;;;;5622;5640
Thuidium tamariscinum;LINE_RTE_Thuidium_tamariscinum_7_chr1_OX344754.2_8745059_8754271;6664;;;95;481;;;;;2125;2880;3676;4470;;;;;6460;6476;6632;6664
Thuidium tamariscinum;LINE_RTE_Thuidium_tamariscinum_8_chr1_OX344755.2_6410060_6420854;6616;;;115;477;;;;;2190;2756;3681;4484;5793;5987;;;;;6596;6616
Thuidium tamariscinum;LINE_RTE_Thuidium_tamariscinum_9_chr5_OX344753.2_4785666_4796388;7812;;;73;429;;;;;2339;3100;3951;4709;6000;6188;;;;;7801;7812
Thuidium tamariscinum;LINE_RTE_Thuidium_tamariscinum_10_chr4_OX344752.2_10286897_10297580;7320;;;90;488;;;;;2109;2855;3669;4430;;;;;;;7299;7320
